-- phpMyAdmin SQL Dump
-- version 4.7.0
-- https://www.phpmyadmin.net/
--
-- Host: 127.0.0.1
-- Generation Time: Feb 20, 2019 at 09:30 PM
-- Server version: 10.1.25-MariaDB
-- PHP Version: 7.1.7

SET SQL_MODE = "NO_AUTO_VALUE_ON_ZERO";
SET AUTOCOMMIT = 0;
START TRANSACTION;
SET time_zone = "+00:00";


/*!40101 SET @OLD_CHARACTER_SET_CLIENT=@@CHARACTER_SET_CLIENT */;
/*!40101 SET @OLD_CHARACTER_SET_RESULTS=@@CHARACTER_SET_RESULTS */;
/*!40101 SET @OLD_COLLATION_CONNECTION=@@COLLATION_CONNECTION */;
/*!40101 SET NAMES utf8mb4 */;

--
-- Database: `bitcommerce_up`
--

-- --------------------------------------------------------

--
-- Table structure for table `admins`
--

CREATE TABLE `admins` (
  `id` int(10) UNSIGNED NOT NULL,
  `name` varchar(191) COLLATE utf8mb4_unicode_ci NOT NULL,
  `username` varchar(100) COLLATE utf8mb4_unicode_ci NOT NULL,
  `email` varchar(191) COLLATE utf8mb4_unicode_ci NOT NULL,
  `image` varchar(191) COLLATE utf8mb4_unicode_ci NOT NULL,
  `password` varchar(191) COLLATE utf8mb4_unicode_ci NOT NULL,
  `remember_token` varchar(100) COLLATE utf8mb4_unicode_ci DEFAULT NULL,
  `created_at` timestamp NULL DEFAULT NULL,
  `updated_at` timestamp NULL DEFAULT NULL
) ENGINE=InnoDB DEFAULT CHARSET=utf8mb4 COLLATE=utf8mb4_unicode_ci;

--
-- Dumping data for table `admins`
--

INSERT INTO `admins` (`id`, `name`, `username`, `email`, `image`, `password`, `remember_token`, `created_at`, `updated_at`) VALUES
(1, 'Alex Doe', 'admin', 'admin@gmail.com', '1509878777.png', '$2y$10$8n6lEyy0P6N4nxAOMR49aORuKdkV2JVP6tlgii0Vs1hv0FsZB2Nse', 'VUO8nF7ZwhT9cbvkyGvqKrAyuToeyy7ZfkJYFjjoed7IufYpY6O1Q7v90zwO', NULL, '2017-11-05 10:46:17'),
(2, 'Lone Due', 'hellohasan', 'hellomrhasan@gmail.com', 'admin-default.png', '$2y$10$Lt7tDwicG00iiqNxzqmiMuVzz85mPIpSfMCbFSbU9APlV9/sXpVoy', '4BCUb00qx4beNFKCvAGqYbG96zcK5SAhRKwWkdNS1lxkFC6cbzRHzqIOq9AV', NULL, '2017-11-03 20:17:12');

-- --------------------------------------------------------

--
-- Table structure for table `advertisements`
--

CREATE TABLE `advertisements` (
  `id` int(10) UNSIGNED NOT NULL,
  `advert_type` tinyint(4) NOT NULL,
  `advert_size` tinyint(4) NOT NULL,
  `title` varchar(191) COLLATE utf8mb4_unicode_ci NOT NULL,
  `val1` varchar(191) COLLATE utf8mb4_unicode_ci DEFAULT NULL,
  `val2` blob,
  `link` text COLLATE utf8mb4_unicode_ci,
  `hit` int(11) NOT NULL DEFAULT '0',
  `status` tinyint(1) NOT NULL,
  `created_at` timestamp NULL DEFAULT NULL,
  `updated_at` timestamp NULL DEFAULT NULL
) ENGINE=InnoDB DEFAULT CHARSET=utf8mb4 COLLATE=utf8mb4_unicode_ci;

--
-- Dumping data for table `advertisements`
--

INSERT INTO `advertisements` (`id`, `advert_type`, `advert_size`, `title`, `val1`, `val2`, `link`, `hit`, `status`, `created_at`, `updated_at`) VALUES
(1, 1, 3, 'Best HYIP Platform', 'advertise_1509906731.jpg', NULL, 'https://bootsnipp.com/search?q=cusomize+radio+button&page=2', 69, 1, '2017-08-18 18:41:11', '2017-11-17 00:20:51'),
(3, 2, 3, 'Softking MLM', NULL, 0x3c73637269707420747970653d22746578742f6a617661736372697074223e676f6f676c655f61645f636c69656e743d2234333232353933323835393438353532223b0d0a676f6f676c655f61645f686f73743d2234333232353933323835393438353532223b676f6f676c655f61645f7769647468203d3732383b0d0a676f6f676c655f61645f6865696768743d39303b676f6f676c655f61645f747970653d22746578745f696d616765223b0d0a676f6f676c655f636f6c6f725f626f726465723d22464646464646223b676f6f676c655f636f6c6f725f62673d22666666666666223b0d0a676f6f676c655f636f6c6f725f6c696e6b3d224f4f4f4f6666223b676f6f676c655f636f6c6f725f746578743d224f4f4f4f4f4f223b0d0a676f6f676c655f636f6c6f725f75726c3d224f4f384f4f4f223b676f6f676c655f706167655f75726c3d0d0a22687474703a2f2f766963656369747934752e626c6f6773706f742e636f6d2f222f2f2d2d3e203c2f7363726970743e3c736372697074200d0a747970653d22746578742f6a617661736372697074220d0a7372633d22687474703a2f2f706167656164322e676f6f676c6573796e6469636174696f6e2e636f6d2f7061676561642f73686f775f6164732e6a73223e0d0a3c2f7363726970743e, NULL, 69, 1, '2017-08-18 18:47:27', '2017-11-17 18:36:23'),
(6, 1, 3, 'Anim pariatur cliche reprehenderit', 'advertise_1509922901.jpg', NULL, 'softwarezon.com', 73, 1, '2017-11-05 23:01:42', '2017-11-18 01:24:12'),
(7, 2, 4, 'Anim pariatur cliche reprehenderit', NULL, 0x3c73637269707420747970653d22746578742f6a617661736372697074223e676f6f676c655f61645f636c69656e743d2234333232353933323835393438353532223b0d0a676f6f676c655f61645f686f73743d2234333232353933323835393438353532223b676f6f676c655f61645f7769647468203d3937303b0d0a676f6f676c655f61645f6865696768743d39303b676f6f676c655f61645f747970653d22746578745f696d616765223b0d0a676f6f676c655f636f6c6f725f626f726465723d22464646464646223b676f6f676c655f636f6c6f725f62673d22666666666666223b0d0a676f6f676c655f636f6c6f725f6c696e6b3d224f4f4f4f6666223b676f6f676c655f636f6c6f725f746578743d224f4f4f4f4f4f223b0d0a676f6f676c655f636f6c6f725f75726c3d224f4f384f4f4f223b676f6f676c655f706167655f75726c3d0d0a22687474703a2f2f766963656369747934752e626c6f6773706f742e636f6d2f222f2f2d2d3e203c2f7363726970743e3c736372697074200d0a747970653d22746578742f6a617661736372697074220d0a7372633d22687474703a2f2f706167656164322e676f6f676c6573796e6469636174696f6e2e636f6d2f7061676561642f73686f775f6164732e6a73223e0d0a3c2f7363726970743e, NULL, 108, 1, '2017-11-05 23:02:20', '2017-11-17 18:36:23'),
(8, 2, 4, 'Lorem Ipsum is simply dummy text of the printing', NULL, 0x3c73637269707420747970653d22746578742f6a617661736372697074223e676f6f676c655f61645f636c69656e743d2234333232353933323835393438353532223b0d0a676f6f676c655f61645f686f73743d2234333232353933323835393438353532223b676f6f676c655f61645f7769647468203d3937303b0d0a676f6f676c655f61645f6865696768743d39303b676f6f676c655f61645f747970653d22746578745f696d616765223b0d0a676f6f676c655f636f6c6f725f626f726465723d22464646464646223b676f6f676c655f636f6c6f725f62673d22666666666666223b0d0a676f6f676c655f636f6c6f725f6c696e6b3d224f4f4f4f6666223b676f6f676c655f636f6c6f725f746578743d224f4f4f4f4f4f223b0d0a676f6f676c655f636f6c6f725f75726c3d224f4f384f4f4f223b676f6f676c655f706167655f75726c3d0d0a22687474703a2f2f766963656369747934752e626c6f6773706f742e636f6d2f222f2f2d2d3e203c2f7363726970743e3c736372697074200d0a747970653d22746578742f6a617661736372697074220d0a7372633d22687474703a2f2f706167656164322e676f6f676c6573796e6469636174696f6e2e636f6d2f7061676561642f73686f775f6164732e6a73223e0d0a3c2f7363726970743e, NULL, 103, 1, '2017-11-05 23:02:42', '2017-11-18 01:24:12'),
(9, 1, 2, 'SoftwareZon', 'advertise_1509984335.jpg', NULL, 'softwarezon.com', 23, 1, '2017-11-06 16:05:35', '2017-11-06 20:23:16'),
(10, 1, 2, 'SoftwareZon', 'advertise_1511397012.jpg', NULL, 'http://www.softwarezon.com', 21, 1, '2017-11-06 16:05:46', '2017-11-23 00:30:12'),
(11, 1, 1, 'SoftwareZon eCommerce', 'advertise_1511396107.jpg', NULL, 'http://www.softwarezon.com', 0, 1, '2017-11-23 00:15:07', '2017-11-23 00:15:07'),
(12, 1, 4, 'SoftwareZon eCommerce', 'advertise_1511398102.jpg', NULL, 'http://www.softwarezon.com', 0, 1, '2017-11-23 00:48:22', '2017-11-23 00:48:22');

-- --------------------------------------------------------

--
-- Table structure for table `basic_settings`
--

CREATE TABLE `basic_settings` (
  `id` int(10) UNSIGNED NOT NULL,
  `title` varchar(100) COLLATE utf8mb4_unicode_ci NOT NULL,
  `color` varchar(100) COLLATE utf8mb4_unicode_ci NOT NULL,
  `phone` varchar(100) COLLATE utf8mb4_unicode_ci NOT NULL,
  `email` varchar(100) COLLATE utf8mb4_unicode_ci NOT NULL,
  `address` varchar(100) COLLATE utf8mb4_unicode_ci NOT NULL,
  `currency` varchar(100) COLLATE utf8mb4_unicode_ci NOT NULL,
  `symbol` varchar(100) COLLATE utf8mb4_unicode_ci NOT NULL,
  `tax` int(11) NOT NULL,
  `expire_time` int(11) NOT NULL,
  `google_map` text COLLATE utf8mb4_unicode_ci NOT NULL,
  `google_analytic` blob,
  `meta_tag` text COLLATE utf8mb4_unicode_ci NOT NULL,
  `chat` blob,
  `breadcrumb` varchar(100) COLLATE utf8mb4_unicode_ci NOT NULL,
  `subscribe_bg` varchar(100) COLLATE utf8mb4_unicode_ci NOT NULL,
  `counter_bg` varchar(100) COLLATE utf8mb4_unicode_ci NOT NULL,
  `speciality_bg` varchar(100) COLLATE utf8mb4_unicode_ci NOT NULL,
  `about` blob NOT NULL,
  `provider_panel` tinyint(1) NOT NULL,
  `provider_register` tinyint(1) NOT NULL,
  `provider_title` text COLLATE utf8mb4_unicode_ci NOT NULL,
  `provider_subtitle` text COLLATE utf8mb4_unicode_ci NOT NULL,
  `terms` blob NOT NULL,
  `privacy` blob NOT NULL,
  `email_body` blob NOT NULL,
  `footer_text` text COLLATE utf8mb4_unicode_ci NOT NULL,
  `footer_image` varchar(100) COLLATE utf8mb4_unicode_ci NOT NULL,
  `copy_text` varchar(191) COLLATE utf8mb4_unicode_ci NOT NULL,
  `created_at` timestamp NULL DEFAULT NULL,
  `updated_at` timestamp NULL DEFAULT NULL
) ENGINE=InnoDB DEFAULT CHARSET=utf8mb4 COLLATE=utf8mb4_unicode_ci;

--
-- Dumping data for table `basic_settings`
--

INSERT INTO `basic_settings` (`id`, `title`, `color`, `phone`, `email`, `address`, `currency`, `symbol`, `tax`, `expire_time`, `google_map`, `google_analytic`, `meta_tag`, `chat`, `breadcrumb`, `subscribe_bg`, `counter_bg`, `speciality_bg`, `about`, `provider_panel`, `provider_register`, `provider_title`, `provider_subtitle`, `terms`, `privacy`, `email_body`, `footer_text`, `footer_image`, `copy_text`, `created_at`, `updated_at`) VALUES
(1, 'bitCommerce', 'ff9900', '+88-0197-444-7300', 'softwarezon@hotmail.com', 'Mirpur-2, Dhaka Bangladesh.', 'USD', '$', 5, 30, '<iframe src=\"https://www.google.com/maps/embed?pb=!1m18!1m12!1m3!1d3650.3331687710743!2d90.36636621538977!3d23.806748892537406!2m3!1f0!2f0!3f0!3m2!1i1024!2i768!4f13.1!3m3!1m2!1s0x3755c0d6f1d99d03%3A0xcd82050166bb03db!2sMirpur+10+Bus+Stopage!5e0!3m2!1sen!2sbd!4v1510782736980\" width=\"1170\" height=\"450\" frameborder=\"0\" style=\"border:0\" allowfullscreen></iframe>', 0x3c7363726970743e0d0a20c2a02f2f476f6f676c6520416e616c7974696373207363726970747320636f646520686572650d0a3c2f7363726970743e, 'softwarezon,php scripts', 0x3c212d2d5374617274206f66205461776b2e746f205363726970742d2d3e0d0a3c73637269707420747970653d22746578742f6a617661736372697074223e0d0a766172205461776b5f4150493d5461776b5f4150497c7c7b7d2c205461776b5f4c6f616453746172743d6e6577204461746528293b0d0a2866756e6374696f6e28297b0d0a7661722073313d646f63756d656e742e637265617465456c656d656e74282273637269707422292c73303d646f63756d656e742e676574456c656d656e747342795461674e616d65282273637269707422295b305d3b0d0a73312e6173796e633d747275653b0d0a73312e7372633d2768747470733a2f2f656d6265642e7461776b2e746f2f3538663835356464663762626161373237303963373365632f64656661756c74273b0d0a73312e636861727365743d275554462d38273b0d0a73312e736574417474726962757465282763726f73736f726967696e272c272a27293b0d0a73302e706172656e744e6f64652e696e736572744265666f72652873312c7330293b0d0a7d2928293b0d0a3c2f7363726970743e0d0a3c212d2d456e64206f66205461776b2e746f205363726970742d2d3e, 'breadcrumb_1510791829.jpg', 'subscribe_1509795019.jpg', 'counter_1509795012.jpg', 'speciality_1510523084.jpg', 0x3c646976207374796c653d22746578742d616c69676e3a206a7573746966793b223e3c646976207374796c653d226d617267696e3a203070782031342e333930367078203070782032382e3739363970783b2070616464696e673a203070783b2077696474683a203433362e37393770783b20746578742d616c69676e3a206c6566743b20666c6f61743a206c6566743b20636f6c6f723a2072676228302c20302c2030293b20666f6e742d66616d696c793a202671756f743b4f70656e2053616e732671756f743b2c20417269616c2c2073616e732d73657269663b223e3c6832207374796c653d226d617267696e2d746f703a203070783b206d617267696e2d72696768743a203070783b206d617267696e2d6c6566743a203070783b2070616464696e673a203070783b206c696e652d6865696768743a20323470783b20666f6e742d66616d696c793a204461757068696e506c61696e3b20666f6e742d73697a653a20323470783b223e57686174206973204c6f72656d20497073756d3f3c2f68323e3c70207374796c653d226d617267696e2d626f74746f6d3a20313570783b2070616464696e673a203070783b20746578742d616c69676e3a206a7573746966793b223e3c7374726f6e67207374796c653d226d617267696e3a203070783b2070616464696e673a203070783b223e4c6f72656d20497073756d3c2f7374726f6e673e266e6273703b69732073696d706c792064756d6d792074657874206f6620746865207072696e74696e6720616e64207479706573657474696e6720696e6475737472792e204c6f72656d20497073756d20686173206265656e2074686520696e6475737472792773207374616e646172642064756d6d79207465787420657665722073696e6365207468652031353030732c207768656e20616e20756e6b6e6f776e207072696e74657220746f6f6b20612067616c6c6579206f66207479706520616e6420736372616d626c656420697420746f206d616b65206120747970652073706563696d656e20626f6f6b2e20497420686173207375727669766564206e6f74206f6e6c7920666976652063656e7475726965732c2062757420616c736f20746865206c65617020696e746f20656c656374726f6e6963207479706573657474696e672c2072656d61696e696e6720657373656e7469616c6c7920756e6368616e6765642e2049742077617320706f70756c61726973656420696e207468652031393630732077697468207468652072656c65617365206f66204c657472617365742073686565747320636f6e7461696e696e67204c6f72656d20497073756d2070617373616765732c20616e64206d6f726520726563656e746c792077697468206465736b746f70207075626c697368696e6720736f667477617265206c696b6520416c64757320506167654d616b657220696e636c7564696e672076657273696f6e73206f66204c6f72656d20497073756d2e3c2f703e3c2f6469763e3c646976207374796c653d226d617267696e3a203070782032382e373936397078203070782031342e3339303670783b2070616464696e673a203070783b2077696474683a203433362e37393770783b20746578742d616c69676e3a206c6566743b20666c6f61743a2072696768743b20636f6c6f723a2072676228302c20302c2030293b20666f6e742d66616d696c793a202671756f743b4f70656e2053616e732671756f743b2c20417269616c2c2073616e732d73657269663b223e3c6832207374796c653d226d617267696e2d746f703a203070783b206d617267696e2d72696768743a203070783b206d617267696e2d6c6566743a203070783b2070616464696e673a203070783b206c696e652d6865696768743a20323470783b20666f6e742d66616d696c793a204461757068696e506c61696e3b20666f6e742d73697a653a20323470783b223e57687920646f207765207573652069743f3c2f68323e3c70207374796c653d226d617267696e2d626f74746f6d3a20313570783b2070616464696e673a203070783b20746578742d616c69676e3a206a7573746966793b223e49742069732061206c6f6e672065737461626c6973686564206661637420746861742061207265616465722077696c6c206265206469737472616374656420627920746865207265616461626c6520636f6e74656e74206f6620612070616765207768656e206c6f6f6b696e6720617420697473206c61796f75742e2054686520706f696e74206f66207573696e67204c6f72656d20497073756d2069732074686174206974206861732061206d6f72652d6f722d6c657373206e6f726d616c20646973747269627574696f6e206f66206c6574746572732c206173206f70706f73656420746f207573696e672027436f6e74656e7420686572652c20636f6e74656e742068657265272c206d616b696e67206974206c6f6f6b206c696b65207265616461626c6520456e676c6973682e204d616e79206465736b746f70207075626c697368696e67207061636b6167657320616e6420776562207061676520656469746f7273206e6f7720757365204c6f72656d20497073756d2061732074686569722064656661756c74206d6f64656c20746578742c20616e6420612073656172636820666f7220276c6f72656d20697073756d272077696c6c20756e636f766572206d616e7920776562207369746573207374696c6c20696e20746865697220696e66616e63792e20566172696f75732076657273696f6e7320686176652065766f6c766564206f766572207468652079656172732c20736f6d6574696d6573206279206163636964656e742c20736f6d6574696d6573206f6e20707572706f73652028696e6a65637465642068756d6f757220616e6420746865206c696b65292e3c2f703e3c2f6469763e3c6272207374796c653d226d617267696e3a203070783b2070616464696e673a203070783b20636c6561723a20626f74683b20636f6c6f723a2072676228302c20302c2030293b20666f6e742d66616d696c793a202671756f743b4f70656e2053616e732671756f743b2c20417269616c2c2073616e732d73657269663b20746578742d616c69676e3a2063656e7465723b223e3c646976207374796c653d226d617267696e3a203070782031342e333930367078203070782032382e3739363970783b2070616464696e673a203070783b2077696474683a203433362e37393770783b20746578742d616c69676e3a206c6566743b20666c6f61743a206c6566743b20636f6c6f723a2072676228302c20302c2030293b20666f6e742d66616d696c793a202671756f743b4f70656e2053616e732671756f743b2c20417269616c2c2073616e732d73657269663b223e3c6832207374796c653d226d617267696e2d746f703a203070783b206d617267696e2d72696768743a203070783b206d617267696e2d6c6566743a203070783b2070616464696e673a203070783b206c696e652d6865696768743a20323470783b20666f6e742d66616d696c793a204461757068696e506c61696e3b20666f6e742d73697a653a20323470783b223e576865726520646f657320697420636f6d652066726f6d3f3c2f68323e3c70207374796c653d226d617267696e2d626f74746f6d3a20313570783b2070616464696e673a203070783b20746578742d616c69676e3a206a7573746966793b223e436f6e747261727920746f20706f70756c61722062656c6965662c204c6f72656d20497073756d206973206e6f742073696d706c792072616e646f6d20746578742e2049742068617320726f6f747320696e2061207069656365206f6620636c6173736963616c204c6174696e206c6974657261747572652066726f6d2034352042432c206d616b696e67206974206f7665722032303030207965617273206f6c642e2052696368617264204d63436c696e746f636b2c2061204c6174696e2070726f666573736f722061742048616d7064656e2d5379646e657920436f6c6c65676520696e2056697267696e69612c206c6f6f6b6564207570206f6e65206f6620746865206d6f7265206f627363757265204c6174696e20776f7264732c20636f6e73656374657475722c2066726f6d2061204c6f72656d20497073756d20706173736167652c20616e6420676f696e67207468726f75676820746865206369746573206f662074686520776f726420696e20636c6173736963616c206c6974657261747572652c20646973636f76657265642074686520756e646f75627461626c6520736f757263652e204c6f72656d20497073756d20636f6d65732066726f6d2073656374696f6e7320312e31302e333220616e6420312e31302e3333206f66202264652046696e6962757320426f6e6f72756d206574204d616c6f72756d2220285468652045787472656d6573206f6620476f6f6420616e64204576696c292062792043696365726f2c207772697474656e20696e2034352042432e205468697320626f6f6b2069732061207472656174697365206f6e20746865207468656f7279206f66206574686963732c207665727920706f70756c617220647572696e67207468652052656e61697373616e63652e20546865206669727374206c696e65206f66204c6f72656d20497073756d2c20224c6f72656d20697073756d20646f6c6f722073697420616d65742e2e222c20636f6d65732066726f6d2061206c696e6520696e2073656374696f6e20312e31302e33322e3c2f703e3c70207374796c653d226d617267696e2d626f74746f6d3a20313570783b2070616464696e673a203070783b20746578742d616c69676e3a206a7573746966793b223e546865207374616e64617264206368756e6b206f66204c6f72656d20497073756d20757365642073696e63652074686520313530307320697320726570726f64756365642062656c6f7720666f722074686f736520696e74657265737465642e2053656374696f6e7320312e31302e333220616e6420312e31302e33332066726f6d202264652046696e6962757320426f6e6f72756d206574204d616c6f72756d222062792043696365726f2061726520616c736f20726570726f647563656420696e207468656972206578616374206f726967696e616c20666f726d2c206163636f6d70616e69656420627920456e676c6973682076657273696f6e732066726f6d207468652031393134207472616e736c6174696f6e20627920482e205261636b68616d2e3c2f703e3c2f6469763e3c646976207374796c653d226d617267696e3a203070782032382e373936397078203070782031342e3339303670783b2070616464696e673a203070783b2077696474683a203433362e37393770783b20746578742d616c69676e3a206c6566743b20666c6f61743a2072696768743b20636f6c6f723a2072676228302c20302c2030293b20666f6e742d66616d696c793a202671756f743b4f70656e2053616e732671756f743b2c20417269616c2c2073616e732d73657269663b223e3c6832207374796c653d226d617267696e2d746f703a203070783b206d617267696e2d72696768743a203070783b206d617267696e2d6c6566743a203070783b2070616464696e673a203070783b206c696e652d6865696768743a20323470783b20666f6e742d66616d696c793a204461757068696e506c61696e3b20666f6e742d73697a653a20323470783b223e57686572652063616e20492067657420736f6d653f3c2f68323e3c70207374796c653d226d617267696e2d626f74746f6d3a20313570783b2070616464696e673a203070783b20746578742d616c69676e3a206a7573746966793b223e546865726520617265206d616e7920766172696174696f6e73206f66207061737361676573206f66204c6f72656d20497073756d20617661696c61626c652c2062757420746865206d616a6f72697479206861766520737566666572656420616c7465726174696f6e20696e20736f6d6520666f726d2c20627920696e6a65637465642068756d6f75722c206f722072616e646f6d6973656420776f72647320776869636820646f6e2774206c6f6f6b206576656e20736c696768746c792062656c69657661626c652e20496620796f752061726520676f696e6720746f2075736520612070617373616765206f66204c6f72656d20497073756d2c20796f75206e65656420746f20626520737572652074686572652069736e277420616e797468696e6720656d62617272617373696e672068696464656e20696e20746865206d6964646c65206f6620746578742e20416c6c20746865204c6f72656d20497073756d2067656e657261746f7273206f6e2074686520496e7465726e65742074656e6420746f2072657065617420707265646566696e6564206368756e6b73206173206e65636573736172792c206d616b696e6720746869732074686520666972737420747275652067656e657261746f72206f6e2074686520496e7465726e65742e204974207573657320612064696374696f6e617279206f66206f76657220323030204c6174696e20776f7264732c20636f6d62696e6564207769746820612068616e6466756c206f66206d6f64656c2073656e74656e636520737472756374757265732c20746f2067656e6572617465204c6f72656d20497073756d207768696368206c6f6f6b7320726561736f6e61626c652e205468652067656e657261746564204c6f72656d20497073756d206973207468657265666f726520616c7761797320667265652066726f6d2072657065746974696f6e2c20696e6a65637465642068756d6f75722c206f72206e6f6e2d636861726163746572697374696320776f726473206574632e3c2f703e3c2f6469763e3c2f6469763e, 0, 0, 'We are leading Manufacturing and Exporting company', 'You will feel great using our quality products and services', 0x3c646976206f70656e3d22222073616e73222c3d222220617269616c2c3d22222073616e732d73657269663b223d2222207374796c653d226d617267696e3a203070782031342e333930367078203070782032382e3739363970783b2070616464696e673a203070783b2077696474683a203433362e37393770783b20666c6f61743a206c6566743b20636f6c6f723a2072676228302c20302c2030293b223e3c6832207374796c653d22666f6e742d66616d696c793a204461757068696e506c61696e3b206c696e652d6865696768743a20323470783b206d617267696e2d746f703a203070783b206d617267696e2d72696768743a203070783b206d617267696e2d6c6566743a203070783b20666f6e742d73697a653a20323470783b2070616464696e673a203070783b223e57686174206973204c6f72656d20497073756d3f3c2f68323e3c70207374796c653d226d617267696e2d626f74746f6d3a20313570783b2070616464696e673a203070783b20746578742d616c69676e3a206a7573746966793b223e3c7370616e207374796c653d22666f6e742d7765696768743a203730303b206d617267696e3a203070783b2070616464696e673a203070783b223e4c6f72656d20497073756d3c2f7370616e3e266e6273703b69732073696d706c792064756d6d792074657874206f6620746865207072696e74696e6720616e64207479706573657474696e6720696e6475737472792e204c6f72656d20497073756d20686173206265656e2074686520696e6475737472792773207374616e646172642064756d6d79207465787420657665722073696e6365207468652031353030732c207768656e20616e20756e6b6e6f776e207072696e74657220746f6f6b20612067616c6c6579206f66207479706520616e6420736372616d626c656420697420746f206d616b65206120747970652073706563696d656e20626f6f6b2e20497420686173207375727669766564206e6f74206f6e6c7920666976652063656e7475726965732c2062757420616c736f20746865206c65617020696e746f20656c656374726f6e6963207479706573657474696e672c2072656d61696e696e6720657373656e7469616c6c7920756e6368616e6765642e2049742077617320706f70756c61726973656420696e207468652031393630732077697468207468652072656c65617365206f66204c657472617365742073686565747320636f6e7461696e696e67204c6f72656d20497073756d2070617373616765732c20616e64206d6f726520726563656e746c792077697468206465736b746f70207075626c697368696e6720736f667477617265206c696b6520416c64757320506167654d616b657220696e636c7564696e672076657273696f6e73206f66204c6f72656d20497073756d2e3c2f703e3c2f6469763e3c646976206f70656e3d22222073616e73222c3d222220617269616c2c3d22222073616e732d73657269663b223d2222207374796c653d226d617267696e3a203070782032382e373936397078203070782031342e3339303670783b2070616464696e673a203070783b2077696474683a203433362e37393770783b20666c6f61743a2072696768743b20636f6c6f723a2072676228302c20302c2030293b223e3c6832207374796c653d22666f6e742d66616d696c793a204461757068696e506c61696e3b206c696e652d6865696768743a20323470783b206d617267696e2d746f703a203070783b206d617267696e2d72696768743a203070783b206d617267696e2d6c6566743a203070783b20666f6e742d73697a653a20323470783b2070616464696e673a203070783b223e57687920646f207765207573652069743f3c2f68323e3c70207374796c653d226d617267696e2d626f74746f6d3a20313570783b2070616464696e673a203070783b20746578742d616c69676e3a206a7573746966793b223e49742069732061206c6f6e672065737461626c6973686564206661637420746861742061207265616465722077696c6c206265206469737472616374656420627920746865207265616461626c6520636f6e74656e74206f6620612070616765207768656e206c6f6f6b696e6720617420697473206c61796f75742e2054686520706f696e74206f66207573696e67204c6f72656d20497073756d2069732074686174206974206861732061206d6f72652d6f722d6c657373206e6f726d616c20646973747269627574696f6e206f66206c6574746572732c206173206f70706f73656420746f207573696e672027436f6e74656e7420686572652c20636f6e74656e742068657265272c206d616b696e67206974206c6f6f6b206c696b65207265616461626c6520456e676c6973682e204d616e79206465736b746f70207075626c697368696e67207061636b6167657320616e6420776562207061676520656469746f7273206e6f7720757365204c6f72656d20497073756d2061732074686569722064656661756c74206d6f64656c20746578742c20616e6420612073656172636820666f7220276c6f72656d20697073756d272077696c6c20756e636f766572206d616e7920776562207369746573207374696c6c20696e20746865697220696e66616e63792e20566172696f75732076657273696f6e7320686176652065766f6c766564206f766572207468652079656172732c20736f6d6574696d6573206279206163636964656e742c20736f6d6574696d6573206f6e20707572706f73652028696e6a65637465642068756d6f757220616e6420746865206c696b65292e3c2f703e3c2f6469763e3c6272206f70656e3d22222073616e73222c3d222220617269616c2c3d22222073616e732d73657269663b3d222220746578742d616c69676e3a3d22222063656e7465723b223d2222207374796c653d22746578742d616c69676e3a206a7573746966793b206d617267696e3a203070783b2070616464696e673a203070783b20636c6561723a20626f74683b20636f6c6f723a2072676228302c20302c2030293b223e3c646976206f70656e3d22222073616e73222c3d222220617269616c2c3d22222073616e732d73657269663b223d2222207374796c653d226d617267696e3a203070782031342e333930367078203070782032382e3739363970783b2070616464696e673a203070783b2077696474683a203433362e37393770783b20666c6f61743a206c6566743b20636f6c6f723a2072676228302c20302c2030293b223e3c6832207374796c653d22666f6e742d66616d696c793a204461757068696e506c61696e3b206c696e652d6865696768743a20323470783b206d617267696e2d746f703a203070783b206d617267696e2d72696768743a203070783b206d617267696e2d6c6566743a203070783b20666f6e742d73697a653a20323470783b2070616464696e673a203070783b223e576865726520646f657320697420636f6d652066726f6d3f3c2f68323e3c70207374796c653d226d617267696e2d626f74746f6d3a20313570783b2070616464696e673a203070783b20746578742d616c69676e3a206a7573746966793b223e436f6e747261727920746f20706f70756c61722062656c6965662c204c6f72656d20497073756d206973206e6f742073696d706c792072616e646f6d20746578742e2049742068617320726f6f747320696e2061207069656365206f6620636c6173736963616c204c6174696e206c6974657261747572652066726f6d2034352042432c206d616b696e67206974206f7665722032303030207965617273206f6c642e2052696368617264204d63436c696e746f636b2c2061204c6174696e2070726f666573736f722061742048616d7064656e2d5379646e657920436f6c6c65676520696e2056697267696e69612c206c6f6f6b6564207570206f6e65206f6620746865206d6f7265206f627363757265204c6174696e20776f7264732c20636f6e73656374657475722c2066726f6d2061204c6f72656d20497073756d20706173736167652c20616e6420676f696e67207468726f75676820746865206369746573206f662074686520776f726420696e20636c6173736963616c206c6974657261747572652c20646973636f76657265642074686520756e646f75627461626c6520736f757263652e204c6f72656d20497073756d20636f6d65732066726f6d2073656374696f6e7320312e31302e333220616e6420312e31302e3333206f66202264652046696e6962757320426f6e6f72756d206574204d616c6f72756d2220285468652045787472656d6573206f6620476f6f6420616e64204576696c292062792043696365726f2c207772697474656e20696e2034352042432e205468697320626f6f6b2069732061207472656174697365206f6e20746865207468656f7279206f66206574686963732c207665727920706f70756c617220647572696e67207468652052656e61697373616e63652e20546865206669727374206c696e65206f66204c6f72656d20497073756d2c20224c6f72656d20697073756d20646f6c6f722073697420616d65742e2e222c20636f6d65732066726f6d2061206c696e6520696e2073656374696f6e20312e31302e33322e3c2f703e3c70207374796c653d226d617267696e2d626f74746f6d3a20313570783b2070616464696e673a203070783b20746578742d616c69676e3a206a7573746966793b223e546865207374616e64617264206368756e6b206f66204c6f72656d20497073756d20757365642073696e63652074686520313530307320697320726570726f64756365642062656c6f7720666f722074686f736520696e74657265737465642e2053656374696f6e7320312e31302e333220616e6420312e31302e33332066726f6d202264652046696e6962757320426f6e6f72756d206574204d616c6f72756d222062792043696365726f2061726520616c736f20726570726f647563656420696e207468656972206578616374206f726967696e616c20666f726d2c206163636f6d70616e69656420627920456e676c6973682076657273696f6e732066726f6d207468652031393134207472616e736c6174696f6e20627920482e205261636b68616d2e3c2f703e3c2f6469763e3c646976206f70656e3d22222073616e73222c3d222220617269616c2c3d22222073616e732d73657269663b223d2222207374796c653d226d617267696e3a203070782032382e373936397078203070782031342e3339303670783b2070616464696e673a203070783b2077696474683a203433362e37393770783b20666c6f61743a2072696768743b20636f6c6f723a2072676228302c20302c2030293b223e3c6832207374796c653d22666f6e742d66616d696c793a204461757068696e506c61696e3b206c696e652d6865696768743a20323470783b206d617267696e2d746f703a203070783b206d617267696e2d72696768743a203070783b206d617267696e2d6c6566743a203070783b20666f6e742d73697a653a20323470783b2070616464696e673a203070783b223e57686572652063616e20492067657420736f6d653f3c2f68323e3c70207374796c653d226d617267696e2d626f74746f6d3a20313570783b2070616464696e673a203070783b20746578742d616c69676e3a206a7573746966793b223e546865726520617265206d616e7920766172696174696f6e73206f66207061737361676573206f66204c6f72656d20497073756d20617661696c61626c652c2062757420746865206d616a6f72697479206861766520737566666572656420616c7465726174696f6e20696e20736f6d6520666f726d2c20627920696e6a65637465642068756d6f75722c206f722072616e646f6d6973656420776f72647320776869636820646f6e2774206c6f6f6b206576656e20736c696768746c792062656c69657661626c652e20496620796f752061726520676f696e6720746f2075736520612070617373616765206f66204c6f72656d20497073756d2c20796f75206e65656420746f20626520737572652074686572652069736e277420616e797468696e6720656d62617272617373696e672068696464656e20696e20746865206d6964646c65206f6620746578742e20416c6c20746865204c6f72656d20497073756d2067656e657261746f7273206f6e2074686520496e7465726e65742074656e6420746f2072657065617420707265646566696e6564206368756e6b73206173206e65636573736172792c206d616b696e6720746869732074686520666972737420747275652067656e657261746f72206f6e2074686520496e7465726e65742e204974207573657320612064696374696f6e617279206f66206f76657220323030204c6174696e20776f7264732c20636f6d62696e6564207769746820612068616e6466756c206f66206d6f64656c2073656e74656e636520737472756374757265732c20746f2067656e6572617465204c6f72656d20497073756d207768696368206c6f6f6b7320726561736f6e61626c652e205468652067656e657261746564204c6f72656d20497073756d206973207468657265666f726520616c7761797320667265652066726f6d2072657065746974696f6e2c20696e6a65637465642068756d6f75722c206f72206e6f6e2d636861726163746572697374696320776f726473206574632e3c2f703e3c2f6469763e, 0x3c646976206f70656e3d22222073616e73222c3d222220617269616c2c3d22222073616e732d73657269663b223d2222207374796c653d226d617267696e3a203070782031342e333930367078203070782032382e3739363970783b2070616464696e673a203070783b2077696474683a203433362e37393770783b20666c6f61743a206c6566743b20636f6c6f723a2072676228302c20302c2030293b223e3c6832207374796c653d22666f6e742d66616d696c793a204461757068696e506c61696e3b206c696e652d6865696768743a20323470783b206d617267696e2d746f703a203070783b206d617267696e2d72696768743a203070783b206d617267696e2d6c6566743a203070783b20666f6e742d73697a653a20323470783b2070616464696e673a203070783b223e57686174206973204c6f72656d20497073756d3f3c2f68323e3c70207374796c653d226d617267696e2d626f74746f6d3a20313570783b2070616464696e673a203070783b20746578742d616c69676e3a206a7573746966793b223e3c7370616e207374796c653d22666f6e742d7765696768743a203730303b206d617267696e3a203070783b2070616464696e673a203070783b223e4c6f72656d20497073756d3c2f7370616e3e266e6273703b69732073696d706c792064756d6d792074657874206f6620746865207072696e74696e6720616e64207479706573657474696e6720696e6475737472792e204c6f72656d20497073756d20686173206265656e2074686520696e6475737472792773207374616e646172642064756d6d79207465787420657665722073696e6365207468652031353030732c207768656e20616e20756e6b6e6f776e207072696e74657220746f6f6b20612067616c6c6579206f66207479706520616e6420736372616d626c656420697420746f206d616b65206120747970652073706563696d656e20626f6f6b2e20497420686173207375727669766564206e6f74206f6e6c7920666976652063656e7475726965732c2062757420616c736f20746865206c65617020696e746f20656c656374726f6e6963207479706573657474696e672c2072656d61696e696e6720657373656e7469616c6c7920756e6368616e6765642e2049742077617320706f70756c61726973656420696e207468652031393630732077697468207468652072656c65617365206f66204c657472617365742073686565747320636f6e7461696e696e67204c6f72656d20497073756d2070617373616765732c20616e64206d6f726520726563656e746c792077697468206465736b746f70207075626c697368696e6720736f667477617265206c696b6520416c64757320506167654d616b657220696e636c7564696e672076657273696f6e73206f66204c6f72656d20497073756d2e3c2f703e3c2f6469763e3c646976206f70656e3d22222073616e73222c3d222220617269616c2c3d22222073616e732d73657269663b223d2222207374796c653d226d617267696e3a203070782032382e373936397078203070782031342e3339303670783b2070616464696e673a203070783b2077696474683a203433362e37393770783b20666c6f61743a2072696768743b20636f6c6f723a2072676228302c20302c2030293b223e3c6832207374796c653d22666f6e742d66616d696c793a204461757068696e506c61696e3b206c696e652d6865696768743a20323470783b206d617267696e2d746f703a203070783b206d617267696e2d72696768743a203070783b206d617267696e2d6c6566743a203070783b20666f6e742d73697a653a20323470783b2070616464696e673a203070783b223e57687920646f207765207573652069743f3c2f68323e3c70207374796c653d226d617267696e2d626f74746f6d3a20313570783b2070616464696e673a203070783b20746578742d616c69676e3a206a7573746966793b223e49742069732061206c6f6e672065737461626c6973686564206661637420746861742061207265616465722077696c6c206265206469737472616374656420627920746865207265616461626c6520636f6e74656e74206f6620612070616765207768656e206c6f6f6b696e6720617420697473206c61796f75742e2054686520706f696e74206f66207573696e67204c6f72656d20497073756d2069732074686174206974206861732061206d6f72652d6f722d6c657373206e6f726d616c20646973747269627574696f6e206f66206c6574746572732c206173206f70706f73656420746f207573696e672027436f6e74656e7420686572652c20636f6e74656e742068657265272c206d616b696e67206974206c6f6f6b206c696b65207265616461626c6520456e676c6973682e204d616e79206465736b746f70207075626c697368696e67207061636b6167657320616e6420776562207061676520656469746f7273206e6f7720757365204c6f72656d20497073756d2061732074686569722064656661756c74206d6f64656c20746578742c20616e6420612073656172636820666f7220276c6f72656d20697073756d272077696c6c20756e636f766572206d616e7920776562207369746573207374696c6c20696e20746865697220696e66616e63792e20566172696f75732076657273696f6e7320686176652065766f6c766564206f766572207468652079656172732c20736f6d6574696d6573206279206163636964656e742c20736f6d6574696d6573206f6e20707572706f73652028696e6a65637465642068756d6f757220616e6420746865206c696b65292e3c2f703e3c2f6469763e3c6272206f70656e3d22222073616e73222c3d222220617269616c2c3d22222073616e732d73657269663b3d222220746578742d616c69676e3a3d22222063656e7465723b223d2222207374796c653d22746578742d616c69676e3a206a7573746966793b206d617267696e3a203070783b2070616464696e673a203070783b20636c6561723a20626f74683b20636f6c6f723a2072676228302c20302c2030293b223e3c646976206f70656e3d22222073616e73222c3d222220617269616c2c3d22222073616e732d73657269663b223d2222207374796c653d226d617267696e3a203070782031342e333930367078203070782032382e3739363970783b2070616464696e673a203070783b2077696474683a203433362e37393770783b20666c6f61743a206c6566743b20636f6c6f723a2072676228302c20302c2030293b223e3c6832207374796c653d22666f6e742d66616d696c793a204461757068696e506c61696e3b206c696e652d6865696768743a20323470783b206d617267696e2d746f703a203070783b206d617267696e2d72696768743a203070783b206d617267696e2d6c6566743a203070783b20666f6e742d73697a653a20323470783b2070616464696e673a203070783b223e576865726520646f657320697420636f6d652066726f6d3f3c2f68323e3c70207374796c653d226d617267696e2d626f74746f6d3a20313570783b2070616464696e673a203070783b20746578742d616c69676e3a206a7573746966793b223e436f6e747261727920746f20706f70756c61722062656c6965662c204c6f72656d20497073756d206973206e6f742073696d706c792072616e646f6d20746578742e2049742068617320726f6f747320696e2061207069656365206f6620636c6173736963616c204c6174696e206c6974657261747572652066726f6d2034352042432c206d616b696e67206974206f7665722032303030207965617273206f6c642e2052696368617264204d63436c696e746f636b2c2061204c6174696e2070726f666573736f722061742048616d7064656e2d5379646e657920436f6c6c65676520696e2056697267696e69612c206c6f6f6b6564207570206f6e65206f6620746865206d6f7265206f627363757265204c6174696e20776f7264732c20636f6e73656374657475722c2066726f6d2061204c6f72656d20497073756d20706173736167652c20616e6420676f696e67207468726f75676820746865206369746573206f662074686520776f726420696e20636c6173736963616c206c6974657261747572652c20646973636f76657265642074686520756e646f75627461626c6520736f757263652e204c6f72656d20497073756d20636f6d65732066726f6d2073656374696f6e7320312e31302e333220616e6420312e31302e3333206f66202264652046696e6962757320426f6e6f72756d206574204d616c6f72756d2220285468652045787472656d6573206f6620476f6f6420616e64204576696c292062792043696365726f2c207772697474656e20696e2034352042432e205468697320626f6f6b2069732061207472656174697365206f6e20746865207468656f7279206f66206574686963732c207665727920706f70756c617220647572696e67207468652052656e61697373616e63652e20546865206669727374206c696e65206f66204c6f72656d20497073756d2c20224c6f72656d20697073756d20646f6c6f722073697420616d65742e2e222c20636f6d65732066726f6d2061206c696e6520696e2073656374696f6e20312e31302e33322e3c2f703e3c70207374796c653d226d617267696e2d626f74746f6d3a20313570783b2070616464696e673a203070783b20746578742d616c69676e3a206a7573746966793b223e546865207374616e64617264206368756e6b206f66204c6f72656d20497073756d20757365642073696e63652074686520313530307320697320726570726f64756365642062656c6f7720666f722074686f736520696e74657265737465642e2053656374696f6e7320312e31302e333220616e6420312e31302e33332066726f6d202264652046696e6962757320426f6e6f72756d206574204d616c6f72756d222062792043696365726f2061726520616c736f20726570726f647563656420696e207468656972206578616374206f726967696e616c20666f726d2c206163636f6d70616e69656420627920456e676c6973682076657273696f6e732066726f6d207468652031393134207472616e736c6174696f6e20627920482e205261636b68616d2e3c2f703e3c2f6469763e3c646976206f70656e3d22222073616e73222c3d222220617269616c2c3d22222073616e732d73657269663b223d2222207374796c653d226d617267696e3a203070782032382e373936397078203070782031342e3339303670783b2070616464696e673a203070783b2077696474683a203433362e37393770783b20666c6f61743a2072696768743b20636f6c6f723a2072676228302c20302c2030293b223e3c6832207374796c653d22666f6e742d66616d696c793a204461757068696e506c61696e3b206c696e652d6865696768743a20323470783b206d617267696e2d746f703a203070783b206d617267696e2d72696768743a203070783b206d617267696e2d6c6566743a203070783b20666f6e742d73697a653a20323470783b2070616464696e673a203070783b223e57686572652063616e20492067657420736f6d653f3c2f68323e3c70207374796c653d226d617267696e2d626f74746f6d3a20313570783b2070616464696e673a203070783b20746578742d616c69676e3a206a7573746966793b223e546865726520617265206d616e7920766172696174696f6e73206f66207061737361676573206f66204c6f72656d20497073756d20617661696c61626c652c2062757420746865206d616a6f72697479206861766520737566666572656420616c7465726174696f6e20696e20736f6d6520666f726d2c20627920696e6a65637465642068756d6f75722c206f722072616e646f6d6973656420776f72647320776869636820646f6e2774206c6f6f6b206576656e20736c696768746c792062656c69657661626c652e20496620796f752061726520676f696e6720746f2075736520612070617373616765206f66204c6f72656d20497073756d2c20796f75206e65656420746f20626520737572652074686572652069736e277420616e797468696e6720656d62617272617373696e672068696464656e20696e20746865206d6964646c65206f6620746578742e20416c6c20746865204c6f72656d20497073756d2067656e657261746f7273206f6e2074686520496e7465726e65742074656e6420746f2072657065617420707265646566696e6564206368756e6b73206173206e65636573736172792c206d616b696e6720746869732074686520666972737420747275652067656e657261746f72206f6e2074686520496e7465726e65742e204974207573657320612064696374696f6e617279206f66206f76657220323030204c6174696e20776f7264732c20636f6d62696e6564207769746820612068616e6466756c206f66206d6f64656c2073656e74656e636520737472756374757265732c20746f2067656e6572617465204c6f72656d20497073756d207768696368206c6f6f6b7320726561736f6e61626c652e205468652067656e657261746564204c6f72656d20497073756d206973207468657265666f726520616c7761797320667265652066726f6d2072657065746974696f6e2c20696e6a65637465642068756d6f75722c206f72206e6f6e2d636861726163746572697374696320776f726473206574632e3c2f703e3c2f6469763e, 0x3c703e266e6273703b3c2f703e0d0a3c64697620636c6173733d227772617070657222207374796c653d226261636b67726f756e642d636f6c6f723a20726762283234322c203234322c20323432293b206865696768743a206175746f3b206d696e2d6865696768743a20313030253b223e0d0a3c7461626c65207374796c653d22626f726465722d636f6c6c617073653a20636f6c6c617073653b207461626c652d6c61796f75743a2066697865643b20636f6c6f723a20236238623862383b20666f6e742d66616d696c793a205562756e74752c73616e732d73657269663b2220616c69676e3d2263656e746572223e0d0a3c74626f64793e0d0a3c74723e0d0a3c746420636c6173733d227072656865616465725f5f736e697070657422207374796c653d2270616464696e673a203130707820302035707820303b20766572746963616c2d616c69676e3a20746f703b2077696474683a2032383070783b223e266e6273703b3c2f74643e0d0a3c746420636c6173733d227072656865616465725f5f77656276657273696f6e22207374796c653d22746578742d616c69676e3a2072696768743b2070616464696e673a203130707820302035707820303b20766572746963616c2d616c69676e3a20746f703b2077696474683a2032383070783b223e266e6273703b3c2f74643e0d0a3c2f74723e0d0a3c2f74626f64793e0d0a3c2f7461626c653e0d0a3c7461626c652069643d22656d622d656d61696c2d6865616465722d636f6e7461696e65722220636c6173733d2268656164657222207374796c653d22626f726465722d636f6c6c617073653a20636f6c6c617073653b207461626c652d6c61796f75743a2066697865643b206d617267696e2d6c6566743a206175746f3b206d617267696e2d72696768743a206175746f3b2220616c69676e3d2263656e746572223e0d0a3c74626f64793e0d0a3c74723e0d0a3c7464207374796c653d2270616464696e673a20303b2077696474683a2036303070783b223e0d0a3c64697620636c6173733d226865616465725f5f6c6f676f20656d622d6c6f676f2d6d617267696e2d626f7822207374796c653d22666f6e742d73697a653a20323670783b206c696e652d6865696768743a20333270783b20636f6c6f723a20236333636564393b20666f6e742d66616d696c793a20526f626f746f2c5461686f6d612c73616e732d73657269663b206d617267696e3a203670782032307078203230707820323070783b223e0d0a3c6469762069643d22656d622d656d61696c2d6865616465722220636c6173733d226c6f676f2d6c65667422207374796c653d22666f6e742d73697a653a203070782021696d706f7274616e743b206c696e652d6865696768743a20302021696d706f7274616e743b2220616c69676e3d226c656674223e3c696d67207374796c653d226865696768743a206175746f3b2077696474683a20313030253b20626f726465723a20303b206d61782d77696474683a2033313270783b22207372633d2268747470733a2f2f692e696d6775722e636f6d2f47596c6f5461732e706e672220616c743d22222077696474683d2233313222206865696768743d223434223e3c2f6469763e0d0a3c2f6469763e0d0a3c2f74643e0d0a3c2f74723e0d0a3c2f74626f64793e0d0a3c2f7461626c653e0d0a3c7461626c6520636c6173733d226c61796f7574206c61796f75742d2d6e6f2d67757474657222207374796c653d22626f726465722d636f6c6c617073653a20636f6c6c617073653b207461626c652d6c61796f75743a2066697865643b206d617267696e2d6c6566743a206175746f3b206d617267696e2d72696768743a206175746f3b206f766572666c6f772d777261703a20627265616b2d776f72643b20776f72642d777261703a20627265616b2d776f72643b20776f72642d627265616b3a20627265616b2d776f72643b206261636b67726f756e642d636f6c6f723a20236666666666663b2220616c69676e3d2263656e746572223e0d0a3c74626f64793e0d0a3c74723e0d0a3c746420636c6173733d22636f6c756d6e22207374796c653d2270616464696e673a203070783b20746578742d616c69676e3a206c6566743b20766572746963616c2d616c69676e3a20746f703b20636f6c6f723a207267622839362c203130322c20313039293b206c696e652d6865696768743a20323170783b20666f6e742d66616d696c793a2073616e732d73657269663b2077696474683a2036303070783b223e0d0a3c646976207374796c653d22666f6e742d73697a653a20313470783b206d617267696e2d6c6566743a20323070783b206d617267696e2d72696768743a20323070783b206d617267696e2d746f703a20323470783b223e0d0a3c646976207374796c653d226c696e652d6865696768743a20313070783b20666f6e742d73697a653a203170783b223e266e6273703b3c2f6469763e0d0a3c2f6469763e0d0a3c646976207374796c653d22666f6e742d73697a653a20313470783b206d617267696e2d6c6566743a20323070783b206d617267696e2d72696768743a20323070783b223e0d0a3c68323e4869207b7b6e616d657d7d2c3c2f68323e0d0a3c703e3c7374726f6e673e7b7b6d6573736167657d7d3c2f7374726f6e673e3c2f703e0d0a3c2f6469763e0d0a3c646976207374796c653d22666f6e742d73697a653a20313470783b206d617267696e2d6c6566743a20323070783b206d617267696e2d72696768743a20323070783b223e3c62723e3c2f6469763e0d0a3c646976207374796c653d226d617267696e2d6c6566743a20323070783b206d617267696e2d72696768743a20323070783b206d617267696e2d626f74746f6d3a20323470783b223e0d0a3c7020636c6173733d2273697a652d313422207374796c653d226d617267696e2d746f703a203070783b206d617267696e2d626f74746f6d3a203070783b206c696e652d6865696768743a20323170783b223e3c666f6e742073697a653d2233223e5468616e6b732c3c2f666f6e743e3c62723e203c7374726f6e67207374796c653d22666f6e742d73697a653a20313470783b223e7b7b736974655f7469746c657d7d3c2f7374726f6e673e3c2f703e0d0a3c2f6469763e0d0a3c2f74643e0d0a3c2f74723e0d0a3c2f74626f64793e0d0a3c2f7461626c653e3c62723e0d0a3c2f6469763e3c64697620636c6173733d227772617070657222207374796c653d226261636b67726f756e642d636f6c6f723a20726762283234322c203234322c20323432293b206865696768743a206175746f3b206d696e2d6865696768743a20313030253b223e3c62723e3c2f6469763e3c64697620636c6173733d227772617070657222207374796c653d226261636b67726f756e642d636f6c6f723a20726762283234322c203234322c20323432293b206865696768743a206175746f3b206d696e2d6865696768743a20313030253b223e3c62723e3c2f6469763e3c64697620636c6173733d227772617070657222207374796c653d226261636b67726f756e642d636f6c6f723a20726762283234322c203234322c20323432293b206865696768743a206175746f3b206d696e2d6865696768743a20313030253b223e3c62723e3c2f6469763e3c64697620636c6173733d227772617070657222207374796c653d226261636b67726f756e642d636f6c6f723a20726762283234322c203234322c20323432293b206865696768743a206175746f3b206d696e2d6865696768743a20313030253b223e3c62723e3c2f6469763e3c64697620636c6173733d227772617070657222207374796c653d226261636b67726f756e642d636f6c6f723a20726762283234322c203234322c20323432293b206865696768743a206175746f3b206d696e2d6865696768743a20313030253b223e3c62723e3c2f6469763e0d0a3c62723e0d0a3c62723e0d0a3c62723e, 'Lorem Ipsum is simply dummy text of the printing and typesetting industry. Lorem Ipsum has been the industry\'s standard dummy.', '1503148676.jpg', '2017 © All Copyright Reserved By <a href=\"http://softwarezon.com\" title=\"SoftwareZon\" target=\"_blank\">SOFTWAREZON</a>.', NULL, '2018-08-02 12:47:29');

-- --------------------------------------------------------

--
-- Table structure for table `categories`
--

CREATE TABLE `categories` (
  `id` int(10) UNSIGNED NOT NULL,
  `name` varchar(191) COLLATE utf8mb4_unicode_ci NOT NULL,
  `code` varchar(100) COLLATE utf8mb4_unicode_ci DEFAULT NULL,
  `percent` float DEFAULT '0',
  `status` tinyint(1) NOT NULL DEFAULT '0',
  `created_at` timestamp NULL DEFAULT NULL,
  `updated_at` timestamp NULL DEFAULT NULL
) ENGINE=InnoDB DEFAULT CHARSET=utf8mb4 COLLATE=utf8mb4_unicode_ci;

--
-- Dumping data for table `categories`
--

INSERT INTO `categories` (`id`, `name`, `code`, `percent`, `status`, `created_at`, `updated_at`) VALUES
(1, 'Mobile Phone', '<i class=\"fa fa-mobile\" aria-hidden=\"true\"></i>', 5, 1, '2017-10-27 22:46:15', '2018-02-18 16:40:54'),
(2, 'Tablet', '<i class=\"fa fa-tablet\" aria-hidden=\"true\"></i>', NULL, 1, '2017-10-27 22:53:14', '2018-08-02 12:44:54'),
(3, 'Laptop', '<i class=\"fa fa-laptop\" aria-hidden=\"true\"></i>', 3, 1, '2017-10-27 22:54:01', '2018-02-18 16:41:07'),
(4, 'Computer', '<i class=\"fa fa-desktop\" aria-hidden=\"true\"></i>', 12, 1, '2017-10-27 22:54:26', '2018-02-18 16:41:15'),
(5, 'Speaker', '<i class=\"fa fa-volume-up\" aria-hidden=\"true\"></i>', 5, 0, '2017-10-29 21:22:26', '2018-02-18 16:41:20'),
(6, 'TV', '<i class=\"fa fa-television\" aria-hidden=\"true\"></i>', 9, 1, '2017-11-03 11:40:35', '2018-02-18 16:41:28'),
(7, 'DVD Player', '<i class=\"fa fa-dot-circle-o\" aria-hidden=\"true\"></i>', 6, 1, '2017-11-03 11:40:48', '2018-02-18 16:41:33'),
(8, 'Music Player', '<i class=\"fa fa-bandcamp\" aria-hidden=\"true\"></i>', 9, 0, '2017-11-03 11:41:03', '2018-02-18 16:41:38'),
(9, 'Ornament', NULL, NULL, 0, '2018-02-18 16:44:10', '2018-08-03 22:09:13');

-- --------------------------------------------------------

--
-- Table structure for table `child_categories`
--

CREATE TABLE `child_categories` (
  `id` int(10) UNSIGNED NOT NULL,
  `subcategory_id` int(11) NOT NULL,
  `name` varchar(191) COLLATE utf8mb4_unicode_ci NOT NULL,
  `created_at` timestamp NULL DEFAULT NULL,
  `updated_at` timestamp NULL DEFAULT NULL
) ENGINE=InnoDB DEFAULT CHARSET=utf8mb4 COLLATE=utf8mb4_unicode_ci;

--
-- Dumping data for table `child_categories`
--

INSERT INTO `child_categories` (`id`, `subcategory_id`, `name`, `created_at`, `updated_at`) VALUES
(1, 1, 'Samsung', '2017-11-11 22:17:01', '2017-11-11 22:17:01'),
(2, 1, 'Apple', '2017-11-11 22:17:10', '2017-11-11 22:17:10'),
(3, 1, 'Nokia', '2017-11-11 22:17:17', '2017-11-11 22:17:17'),
(4, 3, 'Samsung', '2017-11-11 22:20:58', '2017-11-11 22:20:58'),
(5, 3, 'lava', '2017-11-11 22:21:17', '2017-11-11 22:21:17'),
(6, 1, 'Xiaomi', '2017-11-12 11:50:47', '2017-11-12 11:50:47'),
(7, 5, 'Samsung', '2017-11-12 11:59:10', '2017-11-12 11:59:10'),
(8, 5, 'i-Mac', '2017-11-12 11:59:28', '2017-11-12 11:59:28'),
(9, 8, 'Samsung', '2017-11-22 21:49:27', '2017-11-22 21:49:27');

-- --------------------------------------------------------

--
-- Table structure for table `colors`
--

CREATE TABLE `colors` (
  `id` int(10) UNSIGNED NOT NULL,
  `category_id` int(11) NOT NULL,
  `name` varchar(191) COLLATE utf8mb4_unicode_ci NOT NULL,
  `code` varchar(191) COLLATE utf8mb4_unicode_ci DEFAULT NULL,
  `created_at` timestamp NULL DEFAULT NULL,
  `updated_at` timestamp NULL DEFAULT NULL
) ENGINE=InnoDB DEFAULT CHARSET=utf8mb4 COLLATE=utf8mb4_unicode_ci;

--
-- Dumping data for table `colors`
--

INSERT INTO `colors` (`id`, `category_id`, `name`, `code`, `created_at`, `updated_at`) VALUES
(1, 1, 'Salmon', 'FA8072', '2018-02-09 19:59:33', '2018-02-09 20:04:28'),
(2, 2, 'Maroon', '800000', '2018-02-09 20:00:23', '2018-02-09 20:00:23'),
(3, 3, 'Crimson', 'DC143C', '2018-02-09 20:00:56', '2018-02-09 20:00:56'),
(4, 2, 'Black', NULL, '2018-03-03 20:18:50', '2018-03-03 20:19:08'),
(5, 1, 'White', NULL, '2018-03-06 01:40:15', '2018-03-06 01:40:15'),
(6, 1, 'Red', NULL, '2018-03-06 01:41:27', '2018-03-06 01:41:27');

-- --------------------------------------------------------

--
-- Table structure for table `color_product`
--

CREATE TABLE `color_product` (
  `id` int(10) UNSIGNED NOT NULL,
  `product_id` int(10) UNSIGNED NOT NULL,
  `color_id` int(10) UNSIGNED NOT NULL,
  `created_at` timestamp NULL DEFAULT NULL,
  `updated_at` timestamp NULL DEFAULT NULL
) ENGINE=InnoDB DEFAULT CHARSET=utf8mb4 COLLATE=utf8mb4_unicode_ci;

--
-- Dumping data for table `color_product`
--

INSERT INTO `color_product` (`id`, `product_id`, `color_id`, `created_at`, `updated_at`) VALUES
(4, 19, 1, NULL, NULL),
(5, 19, 2, NULL, NULL),
(6, 19, 3, NULL, NULL),
(13, 21, 1, NULL, NULL),
(14, 21, 2, NULL, NULL),
(15, 21, 3, NULL, NULL),
(19, 17, 2, NULL, NULL),
(20, 17, 3, NULL, NULL);

-- --------------------------------------------------------

--
-- Table structure for table `comments`
--

CREATE TABLE `comments` (
  `id` int(10) UNSIGNED NOT NULL,
  `user_id` int(11) NOT NULL,
  `product_id` int(11) NOT NULL,
  `comment` text COLLATE utf8mb4_unicode_ci NOT NULL,
  `created_at` timestamp NULL DEFAULT NULL,
  `updated_at` timestamp NULL DEFAULT NULL
) ENGINE=InnoDB DEFAULT CHARSET=utf8mb4 COLLATE=utf8mb4_unicode_ci;

--
-- Dumping data for table `comments`
--

INSERT INTO `comments` (`id`, `user_id`, `product_id`, `comment`, `created_at`, `updated_at`) VALUES
(1, 2, 4, 'Awesome Bro.', '2017-11-17 13:34:04', '2017-11-17 13:34:04'),
(2, 2, 4, 'It\'s So Good Product.', '2017-11-17 13:35:43', '2017-11-17 13:35:43');

-- --------------------------------------------------------

--
-- Table structure for table `menus`
--

CREATE TABLE `menus` (
  `id` int(10) UNSIGNED NOT NULL,
  `name` varchar(255) COLLATE utf8_unicode_ci NOT NULL,
  `description` blob NOT NULL,
  `created_at` timestamp NULL DEFAULT NULL,
  `updated_at` timestamp NULL DEFAULT NULL
) ENGINE=InnoDB DEFAULT CHARSET=utf8 COLLATE=utf8_unicode_ci;

--
-- Dumping data for table `menus`
--

INSERT INTO `menus` (`id`, `name`, `description`, `created_at`, `updated_at`) VALUES
(1, 'Menu1', 0x3c6469763e3c68323e57686174206973204c6f72656d20497073756d3f3c2f68323e4c6f72656d20497073756d266e6273703b69732073696d706c792064756d6d792074657874206f6620746865207072696e74696e6720616e64207479706573657474696e6720696e6475737472792e204c6f72656d20497073756d20686173206265656e2074686520696e6475737472792773207374616e646172642064756d6d79207465787420657665722073696e6365207468652031353030732c207768656e20616e20756e6b6e6f776e207072696e74657220746f6f6b20612067616c6c6579206f66207479706520616e6420736372616d626c656420697420746f206d616b65206120747970652073706563696d656e20626f6f6b2e20497420686173207375727669766564206e6f74206f6e6c7920666976652063656e7475726965732c2062757420616c736f20746865206c65617020696e746f20656c656374726f6e6963207479706573657474696e672c2072656d61696e696e6720657373656e7469616c6c7920756e6368616e6765642e2049742077617320706f70756c61726973656420696e207468652031393630732077697468207468652072656c65617365206f66204c657472617365742073686565747320636f6e7461696e696e67204c6f72656d20497073756d2070617373616765732c20616e64206d6f726520726563656e746c792077697468206465736b746f70207075626c697368696e6720736f667477617265206c696b6520416c64757320506167654d616b657220696e636c7564696e672076657273696f6e73206f66204c6f72656d20497073756d2e3c2f6469763e3c6469763e3c68323e57687920646f207765207573652069743f3c2f68323e49742069732061206c6f6e672065737461626c6973686564206661637420746861742061207265616465722077696c6c206265206469737472616374656420627920746865207265616461626c6520636f6e74656e74206f6620612070616765207768656e206c6f6f6b696e6720617420697473206c61796f75742e2054686520706f696e74206f66207573696e67204c6f72656d20497073756d2069732074686174206974206861732061206d6f72652d6f722d6c657373206e6f726d616c20646973747269627574696f6e206f66206c6574746572732c206173206f70706f73656420746f207573696e672027436f6e74656e7420686572652c20636f6e74656e742068657265272c206d616b696e67206974206c6f6f6b206c696b65207265616461626c6520456e676c6973682e204d616e79206465736b746f70207075626c697368696e67207061636b6167657320616e6420776562207061676520656469746f7273206e6f7720757365204c6f72656d20497073756d2061732074686569722064656661756c74206d6f64656c20746578742c20616e6420612073656172636820666f7220276c6f72656d20697073756d272077696c6c20756e636f766572206d616e7920776562207369746573207374696c6c20696e20746865697220696e66616e63792e20566172696f75732076657273696f6e7320686176652065766f6c766564206f766572207468652079656172732c20736f6d6574696d6573206279206163636964656e742c20736f6d6574696d6573206f6e20707572706f73652028696e6a65637465642068756d6f757220616e6420746865206c696b65292e3c2f6469763e3c62723e3c6469763e3c68323e576865726520646f657320697420636f6d652066726f6d3f3c2f68323e436f6e747261727920746f20706f70756c61722062656c6965662c204c6f72656d20497073756d206973206e6f742073696d706c792072616e646f6d20746578742e2049742068617320726f6f747320696e2061207069656365206f6620636c6173736963616c204c6174696e206c6974657261747572652066726f6d2034352042432c206d616b696e67206974206f7665722032303030207965617273206f6c642e2052696368617264204d63436c696e746f636b2c2061204c6174696e2070726f666573736f722061742048616d7064656e2d5379646e657920436f6c6c65676520696e2056697267696e69612c206c6f6f6b6564207570206f6e65206f6620746865206d6f7265206f627363757265204c6174696e20776f7264732c20636f6e73656374657475722c2066726f6d2061204c6f72656d20497073756d20706173736167652c20616e6420676f696e67207468726f75676820746865206369746573206f662074686520776f726420696e20636c6173736963616c206c6974657261747572652c20646973636f76657265642074686520756e646f75627461626c6520736f757263652e204c6f72656d20497073756d20636f6d65732066726f6d2073656374696f6e7320312e31302e333220616e6420312e31302e3333206f66202264652046696e6962757320426f6e6f72756d206574204d616c6f72756d2220285468652045787472656d6573206f6620476f6f6420616e64204576696c292062792043696365726f2c207772697474656e20696e2034352042432e205468697320626f6f6b2069732061207472656174697365206f6e20746865207468656f7279206f66206574686963732c207665727920706f70756c617220647572696e67207468652052656e61697373616e63652e20546865206669727374206c696e65206f66204c6f72656d20497073756d2c20224c6f72656d20697073756d20646f6c6f722073697420616d65742e2e222c20636f6d65732066726f6d2061206c696e6520696e2073656374696f6e20312e31302e33322e546865207374616e64617264206368756e6b206f66204c6f72656d20497073756d20757365642073696e63652074686520313530307320697320726570726f64756365642062656c6f7720666f722074686f736520696e74657265737465642e2053656374696f6e7320312e31302e333220616e6420312e31302e33332066726f6d202264652046696e6962757320426f6e6f72756d206574204d616c6f72756d222062792043696365726f2061726520616c736f20726570726f647563656420696e207468656972206578616374206f726967696e616c20666f726d2c206163636f6d70616e69656420627920456e676c6973682076657273696f6e732066726f6d207468652031393134207472616e736c6174696f6e20627920482e205261636b68616d2e313c2f6469763e, '2017-01-11 08:28:02', '2017-04-23 11:26:01'),
(3, 'Menu2', 0x3c6469763e3c68323e57686174206973204c6f72656d20497073756d3f3c2f68323e4c6f72656d20497073756d266e6273703b69732073696d706c792064756d6d792074657874206f6620746865207072696e74696e6720616e64207479706573657474696e6720696e6475737472792e204c6f72656d20497073756d20686173206265656e2074686520696e6475737472792773207374616e646172642064756d6d79207465787420657665722073696e6365207468652031353030732c207768656e20616e20756e6b6e6f776e207072696e74657220746f6f6b20612067616c6c6579206f66207479706520616e6420736372616d626c656420697420746f206d616b65206120747970652073706563696d656e20626f6f6b2e20497420686173207375727669766564206e6f74206f6e6c7920666976652063656e7475726965732c2062757420616c736f20746865206c65617020696e746f20656c656374726f6e6963207479706573657474696e672c2072656d61696e696e6720657373656e7469616c6c7920756e6368616e6765642e2049742077617320706f70756c61726973656420696e207468652031393630732077697468207468652072656c65617365206f66204c657472617365742073686565747320636f6e7461696e696e67204c6f72656d20497073756d2070617373616765732c20616e64206d6f726520726563656e746c792077697468206465736b746f70207075626c697368696e6720736f667477617265206c696b6520416c64757320506167654d616b657220696e636c7564696e672076657273696f6e73206f66204c6f72656d20497073756d2e3c2f6469763e3c6469763e3c68323e57687920646f207765207573652069743f3c2f68323e49742069732061206c6f6e672065737461626c6973686564206661637420746861742061207265616465722077696c6c206265206469737472616374656420627920746865207265616461626c6520636f6e74656e74206f6620612070616765207768656e206c6f6f6b696e6720617420697473206c61796f75742e2054686520706f696e74206f66207573696e67204c6f72656d20497073756d2069732074686174206974206861732061206d6f72652d6f722d6c657373206e6f726d616c20646973747269627574696f6e206f66206c6574746572732c206173206f70706f73656420746f207573696e672027436f6e74656e7420686572652c20636f6e74656e742068657265272c206d616b696e67206974206c6f6f6b206c696b65207265616461626c6520456e676c6973682e204d616e79206465736b746f70207075626c697368696e67207061636b6167657320616e6420776562207061676520656469746f7273206e6f7720757365204c6f72656d20497073756d2061732074686569722064656661756c74206d6f64656c20746578742c20616e6420612073656172636820666f7220276c6f72656d20697073756d272077696c6c20756e636f766572206d616e7920776562207369746573207374696c6c20696e20746865697220696e66616e63792e20566172696f75732076657273696f6e7320686176652065766f6c766564206f766572207468652079656172732c20736f6d6574696d6573206279206163636964656e742c20736f6d6574696d6573206f6e20707572706f73652028696e6a65637465642068756d6f757220616e6420746865206c696b65292e3c2f6469763e3c62723e3c6469763e3c68323e576865726520646f657320697420636f6d652066726f6d3f3c2f68323e436f6e747261727920746f20706f70756c61722062656c6965662c204c6f72656d20497073756d206973206e6f742073696d706c792072616e646f6d20746578742e2049742068617320726f6f747320696e2061207069656365206f6620636c6173736963616c204c6174696e206c6974657261747572652066726f6d2034352042432c206d616b696e67206974206f7665722032303030207965617273206f6c642e2052696368617264204d63436c696e746f636b2c2061204c6174696e2070726f666573736f722061742048616d7064656e2d5379646e657920436f6c6c65676520696e2056697267696e69612c206c6f6f6b6564207570206f6e65206f6620746865206d6f7265206f627363757265204c6174696e20776f7264732c20636f6e73656374657475722c2066726f6d2061204c6f72656d20497073756d20706173736167652c20616e6420676f696e67207468726f75676820746865206369746573206f662074686520776f726420696e20636c6173736963616c206c6974657261747572652c20646973636f76657265642074686520756e646f75627461626c6520736f757263652e204c6f72656d20497073756d20636f6d65732066726f6d2073656374696f6e7320312e31302e333220616e6420312e31302e3333206f66202264652046696e6962757320426f6e6f72756d206574204d616c6f72756d2220285468652045787472656d6573206f6620476f6f6420616e64204576696c292062792043696365726f2c207772697474656e20696e2034352042432e205468697320626f6f6b2069732061207472656174697365206f6e20746865207468656f7279206f66206574686963732c207665727920706f70756c617220647572696e67207468652052656e61697373616e63652e20546865206669727374206c696e65206f66204c6f72656d20497073756d2c20224c6f72656d20697073756d20646f6c6f722073697420616d65742e2e222c20636f6d65732066726f6d2061206c696e6520696e2073656374696f6e20312e31302e33322e546865207374616e64617264206368756e6b206f66204c6f72656d20497073756d20757365642073696e63652074686520313530307320697320726570726f64756365642062656c6f7720666f722074686f736520696e74657265737465642e2053656374696f6e7320312e31302e333220616e6420312e31302e33332066726f6d202264652046696e6962757320426f6e6f72756d206574204d616c6f72756d222062792043696365726f2061726520616c736f20726570726f647563656420696e207468656972206578616374206f726967696e616c20666f726d2c206163636f6d70616e69656420627920456e676c6973682076657273696f6e732066726f6d207468652031393134207472616e736c6174696f6e20627920482e205261636b68616d2e3c2f6469763e, '2017-01-11 09:04:39', '2017-01-11 09:04:39');

-- --------------------------------------------------------

--
-- Table structure for table `migrations`
--

CREATE TABLE `migrations` (
  `id` int(10) UNSIGNED NOT NULL,
  `migration` varchar(191) COLLATE utf8mb4_unicode_ci NOT NULL,
  `batch` int(11) NOT NULL
) ENGINE=InnoDB DEFAULT CHARSET=utf8mb4 COLLATE=utf8mb4_unicode_ci;

--
-- Dumping data for table `migrations`
--

INSERT INTO `migrations` (`id`, `migration`, `batch`) VALUES
(1, '2014_10_12_000000_create_users_table', 1),
(2, '2014_10_12_100000_create_password_resets_table', 1),
(3, '2017_10_20_004829_create_admins_table', 1),
(4, '2017_11_03_182002_create_channels_table', 2),
(5, '2017_11_04_164606_create_partners_table', 3),
(7, '2017_11_05_145611_create_reviews_table', 4),
(8, '2017_11_05_170744_create_subscribes_table', 5),
(9, '2017_11_10_224839_create_subcategories_table', 6),
(10, '2017_11_11_155105_create_products_table', 7),
(11, '2017_11_11_155443_create_product_images_table', 7),
(12, '2017_11_11_155528_create_product_specifications_table', 7),
(13, '2017_11_12_040745_create_child_categories_table', 8),
(15, '2017_11_13_003209_create_specialities_table', 9),
(16, '2017_11_17_192003_create_comments_table', 10),
(17, '2017_11_20_021048_create_user_details_table', 11),
(18, '2017_11_20_032843_create_orders_table', 12),
(19, '2017_11_20_032903_create_order_items_table', 12),
(20, '2017_11_20_075830_create_payment_logs_table', 13),
(21, '2017_11_23_021407_create_staff_table', 14),
(22, '2017_11_24_044145_create_wishlists_table', 15),
(23, '2018_02_10_012636_create_sizes_table', 16),
(24, '2018_02_10_014458_create_colors_table', 17),
(25, '2018_02_10_021934_create_tags_table', 18),
(26, '2018_02_16_023128_create_color_product_table', 19),
(27, '2018_02_16_023652_create_product_size_table', 19),
(28, '2018_02_16_023935_create_product_tag_table', 19),
(29, '2018_02_18_105613_create_providers_table', 20);

-- --------------------------------------------------------

--
-- Table structure for table `orders`
--

CREATE TABLE `orders` (
  `id` int(10) UNSIGNED NOT NULL,
  `user_id` int(11) NOT NULL,
  `order_number` varchar(191) COLLATE utf8mb4_unicode_ci NOT NULL,
  `subtotal` varchar(191) COLLATE utf8mb4_unicode_ci NOT NULL,
  `tax` varchar(191) COLLATE utf8mb4_unicode_ci NOT NULL,
  `total` varchar(191) COLLATE utf8mb4_unicode_ci NOT NULL,
  `expire_time` datetime NOT NULL,
  `payment_method_id` int(11) NOT NULL,
  `payment_status` tinyint(4) NOT NULL DEFAULT '0',
  `shipping_status` tinyint(4) NOT NULL DEFAULT '0',
  `status` tinyint(4) NOT NULL DEFAULT '0',
  `created_at` timestamp NULL DEFAULT NULL,
  `updated_at` timestamp NULL DEFAULT NULL
) ENGINE=InnoDB DEFAULT CHARSET=utf8mb4 COLLATE=utf8mb4_unicode_ci;

--
-- Dumping data for table `orders`
--

INSERT INTO `orders` (`id`, `user_id`, `order_number`, `subtotal`, `tax`, `total`, `expire_time`, `payment_method_id`, `payment_status`, `shipping_status`, `status`, `created_at`, `updated_at`) VALUES
(27, 2, 'S8HGMVYJWO3Y8LHS', '1540.00', '77.00', '1617.00', '2019-02-21 01:04:54', 11, 1, 3, 1, '2019-02-20 18:34:54', '2019-02-20 18:47:39'),
(28, 2, 'NGXK6KTCAXLWSAYG', '1050.00', '52.50', '1102.50', '2019-02-21 01:39:55', 12, 0, 0, 0, '2019-02-20 19:09:55', '2019-02-20 19:09:55'),
(29, 5, 'HQWB5YT7CXOKJIPS', '2790.00', '139.50', '2929.50', '2019-02-21 01:51:53', 12, 1, 3, 1, '2019-02-20 19:21:53', '2019-02-20 19:23:43');

-- --------------------------------------------------------

--
-- Table structure for table `order_items`
--

CREATE TABLE `order_items` (
  `id` int(10) UNSIGNED NOT NULL,
  `order_id` int(11) NOT NULL,
  `order_number` varchar(155) COLLATE utf8mb4_unicode_ci DEFAULT NULL,
  `product_id` int(11) NOT NULL,
  `qty` int(11) NOT NULL,
  `size` int(11) NOT NULL DEFAULT '0',
  `color` int(11) NOT NULL DEFAULT '0',
  `provider_status` tinyint(1) NOT NULL DEFAULT '0',
  `provider_id` int(11) NOT NULL DEFAULT '0',
  `charge` float NOT NULL DEFAULT '0',
  `provider_amount` double NOT NULL DEFAULT '0',
  `status` tinyint(1) NOT NULL DEFAULT '0',
  `created_at` timestamp NULL DEFAULT NULL,
  `updated_at` timestamp NULL DEFAULT NULL
) ENGINE=InnoDB DEFAULT CHARSET=utf8mb4 COLLATE=utf8mb4_unicode_ci;

--
-- Dumping data for table `order_items`
--

INSERT INTO `order_items` (`id`, `order_id`, `order_number`, `product_id`, `qty`, `size`, `color`, `provider_status`, `provider_id`, `charge`, `provider_amount`, `status`, `created_at`, `updated_at`) VALUES
(57, 27, 'S8HGMVYJWO3Y8LHS', 13, 1, 0, 0, 0, 0, 0, 0, 0, '2019-02-20 18:34:54', '2019-02-20 18:34:54'),
(58, 27, 'S8HGMVYJWO3Y8LHS', 12, 1, 0, 0, 0, 0, 0, 0, 0, '2019-02-20 18:34:54', '2019-02-20 18:34:54'),
(59, 27, 'S8HGMVYJWO3Y8LHS', 9, 1, 0, 0, 0, 0, 0, 0, 0, '2019-02-20 18:34:54', '2019-02-20 18:34:54'),
(60, 28, 'NGXK6KTCAXLWSAYG', 10, 1, 0, 0, 0, 0, 0, 0, 0, '2019-02-20 19:09:55', '2019-02-20 19:09:55'),
(61, 28, 'NGXK6KTCAXLWSAYG', 9, 1, 0, 0, 0, 0, 0, 0, 0, '2019-02-20 19:09:55', '2019-02-20 19:09:55'),
(62, 29, 'HQWB5YT7CXOKJIPS', 13, 1, 0, 0, 0, 0, 0, 0, 0, '2019-02-20 19:21:53', '2019-02-20 19:21:53'),
(63, 29, 'HQWB5YT7CXOKJIPS', 12, 1, 0, 0, 0, 0, 0, 0, 0, '2019-02-20 19:21:53', '2019-02-20 19:21:53'),
(64, 29, 'HQWB5YT7CXOKJIPS', 11, 1, 0, 0, 0, 0, 0, 0, 0, '2019-02-20 19:21:53', '2019-02-20 19:21:53'),
(65, 29, 'HQWB5YT7CXOKJIPS', 7, 1, 0, 0, 0, 0, 0, 0, 0, '2019-02-20 19:21:53', '2019-02-20 19:21:53'),
(66, 29, 'HQWB5YT7CXOKJIPS', 9, 1, 0, 0, 0, 0, 0, 0, 0, '2019-02-20 19:21:53', '2019-02-20 19:21:53');

-- --------------------------------------------------------

--
-- Table structure for table `partners`
--

CREATE TABLE `partners` (
  `id` int(10) UNSIGNED NOT NULL,
  `name` varchar(191) COLLATE utf8mb4_unicode_ci NOT NULL,
  `image` varchar(191) COLLATE utf8mb4_unicode_ci NOT NULL,
  `created_at` timestamp NULL DEFAULT NULL,
  `updated_at` timestamp NULL DEFAULT NULL
) ENGINE=InnoDB DEFAULT CHARSET=utf8mb4 COLLATE=utf8mb4_unicode_ci;

--
-- Dumping data for table `partners`
--

INSERT INTO `partners` (`id`, `name`, `image`, `created_at`, `updated_at`) VALUES
(7, 'I-os', 'partner_1520118043.png', '2017-11-13 22:59:49', '2018-03-03 23:00:43'),
(8, 'Samsung', 'partner_1520118036.png', '2017-11-13 23:00:01', '2018-03-03 23:00:36'),
(9, 'Nokia', 'partner_1520118028.png', '2017-11-13 23:00:15', '2018-03-03 23:00:28'),
(12, 'genone', 'partner_1510614311.png', '2017-11-13 23:05:11', '2017-11-13 23:05:11'),
(13, 'viavo', 'partner_1510614324.png', '2017-11-13 23:05:24', '2017-11-13 23:05:24'),
(14, 'Larav', 'partner_1511469864.png', '2017-11-23 20:44:25', '2017-11-23 20:44:25'),
(15, 'HP', 'partner_1511469884.png', '2017-11-23 20:44:44', '2017-11-23 20:44:44'),
(16, 'Xiaomi', 'partner_1520298817.png', '2018-03-06 01:13:37', '2018-03-06 01:13:37');

-- --------------------------------------------------------

--
-- Table structure for table `password_resets`
--

CREATE TABLE `password_resets` (
  `email` varchar(191) COLLATE utf8mb4_unicode_ci NOT NULL,
  `token` varchar(191) COLLATE utf8mb4_unicode_ci NOT NULL,
  `created_at` timestamp NULL DEFAULT NULL
) ENGINE=InnoDB DEFAULT CHARSET=utf8mb4 COLLATE=utf8mb4_unicode_ci;

--
-- Dumping data for table `password_resets`
--

INSERT INTO `password_resets` (`email`, `token`, `created_at`) VALUES
('user@gmail.com', '$2y$10$xTaksIeBaJnb/LbawTjpxeniaPJdg73xP.RtMr1XuTwOwF1nFDgwm', NULL);

-- --------------------------------------------------------

--
-- Table structure for table `payment_logs`
--

CREATE TABLE `payment_logs` (
  `id` int(10) UNSIGNED NOT NULL,
  `user_id` int(11) NOT NULL,
  `payment_id` tinyint(4) NOT NULL,
  `order_number` varchar(191) COLLATE utf8mb4_unicode_ci NOT NULL,
  `amount` varchar(191) COLLATE utf8mb4_unicode_ci NOT NULL,
  `charge` varchar(191) COLLATE utf8mb4_unicode_ci NOT NULL,
  `net_amount` varchar(191) COLLATE utf8mb4_unicode_ci NOT NULL,
  `usd` varchar(191) COLLATE utf8mb4_unicode_ci NOT NULL,
  `btc_amo` varchar(191) COLLATE utf8mb4_unicode_ci DEFAULT NULL,
  `btc_acc` varchar(191) COLLATE utf8mb4_unicode_ci DEFAULT NULL,
  `message` blob,
  `status` tinyint(1) NOT NULL DEFAULT '0',
  `created_at` timestamp NULL DEFAULT NULL,
  `updated_at` timestamp NULL DEFAULT NULL
) ENGINE=InnoDB DEFAULT CHARSET=utf8mb4 COLLATE=utf8mb4_unicode_ci;

--
-- Dumping data for table `payment_logs`
--

INSERT INTO `payment_logs` (`id`, `user_id`, `payment_id`, `order_number`, `amount`, `charge`, `net_amount`, `usd`, `btc_amo`, `btc_acc`, `message`, `status`, `created_at`, `updated_at`) VALUES
(22, 2, 11, 'S8HGMVYJWO3Y8LHS', '1617.00', '0', '1617', '1617', NULL, NULL, 0x436865636b206d79207061796d65746e20706c65617365, 2, '2019-02-20 18:34:59', '2019-02-20 18:36:08'),
(23, 2, 11, 'S8HGMVYJWO3Y8LHS', '1617.00', '0', '1617', '1617', NULL, NULL, 0x636865636b207468697320706c65617365, 1, '2019-02-20 18:36:32', '2019-02-20 18:40:57'),
(24, 2, 12, 'NGXK6KTCAXLWSAYG', '1102.50', '0', '1102.5', '1102.5', NULL, NULL, NULL, 0, '2019-02-20 19:10:00', '2019-02-20 19:10:00'),
(25, 5, 12, 'HQWB5YT7CXOKJIPS', '2929.50', '0', '2929.5', '2929.5', NULL, NULL, 0x636865636b207468697320706c65617365, 1, '2019-02-20 19:21:58', '2019-02-20 19:23:21');

-- --------------------------------------------------------

--
-- Table structure for table `payment_log_images`
--

CREATE TABLE `payment_log_images` (
  `id` int(10) UNSIGNED NOT NULL,
  `payment_log_id` int(11) NOT NULL,
  `name` varchar(191) COLLATE utf8mb4_unicode_ci NOT NULL,
  `created_at` timestamp NULL DEFAULT NULL,
  `updated_at` timestamp NULL DEFAULT NULL
) ENGINE=InnoDB DEFAULT CHARSET=utf8mb4 COLLATE=utf8mb4_unicode_ci;

--
-- Dumping data for table `payment_log_images`
--

INSERT INTO `payment_log_images` (`id`, `payment_log_id`, `name`, `created_at`, `updated_at`) VALUES
(28, 22, 'FmYcqgyFSvqtKhNZ.png', '2019-02-20 18:35:34', '2019-02-20 18:35:34'),
(29, 22, '7qQzTQ6gIRlnZtbG.png', '2019-02-20 18:35:34', '2019-02-20 18:35:34'),
(30, 22, 'gbQSRUUEEX2czpQP.png', '2019-02-20 18:35:34', '2019-02-20 18:35:34'),
(31, 22, '4bKZv5Xg2niq7T7v.png', '2019-02-20 18:35:34', '2019-02-20 18:35:34'),
(32, 23, 'rPZ9ZrwQCn6uVn4r.png', '2019-02-20 18:36:45', '2019-02-20 18:36:45'),
(33, 25, 'aP1KtIrBguF5Bw3V.png', '2019-02-20 19:22:30', '2019-02-20 19:22:30'),
(34, 25, 'edH9boFNqn0x4tHj.png', '2019-02-20 19:22:30', '2019-02-20 19:22:30');

-- --------------------------------------------------------

--
-- Table structure for table `payment_methods`
--

CREATE TABLE `payment_methods` (
  `id` int(10) UNSIGNED NOT NULL,
  `name` varchar(255) COLLATE utf8_unicode_ci NOT NULL,
  `image` varchar(255) COLLATE utf8_unicode_ci NOT NULL,
  `rate` varchar(30) COLLATE utf8_unicode_ci DEFAULT NULL,
  `fix` varchar(100) COLLATE utf8_unicode_ci NOT NULL,
  `percent` varchar(100) COLLATE utf8_unicode_ci NOT NULL,
  `val1` text COLLATE utf8_unicode_ci NOT NULL,
  `val2` varchar(255) COLLATE utf8_unicode_ci DEFAULT NULL,
  `currency` varchar(255) COLLATE utf8_unicode_ci NOT NULL DEFAULT 'Method Currency',
  `status` tinyint(4) NOT NULL,
  `created_at` timestamp NULL DEFAULT NULL,
  `updated_at` timestamp NULL DEFAULT NULL
) ENGINE=InnoDB DEFAULT CHARSET=utf8 COLLATE=utf8_unicode_ci;

--
-- Dumping data for table `payment_methods`
--

INSERT INTO `payment_methods` (`id`, `name`, `image`, `rate`, `fix`, `percent`, `val1`, `val2`, `currency`, `status`, `created_at`, `updated_at`) VALUES
(1, 'PayPal', 'paypal_1518732607h3.png', '1', '2', '1.5', 'admin@rexbd.com', '', 'Method Currency', 1, NULL, '2018-02-15 22:10:07'),
(2, 'Perfect Money', 'perfect_1511486130h4.png', '1', '3', '2.75', 'U5220203', 'reg4e54h1grt1j', 'Method Currency', 1, NULL, '2017-11-24 01:15:30'),
(3, 'BITCOIN', 'btc_1511485351h5.png', '1', '0', '0.5', 'API_KEY', 'XPUB_KEY', 'Method Currency', 1, NULL, '2017-11-25 09:43:22'),
(4, 'CARD', 'stripe_1511485392h6.png', '1', '3', '2.20', 'sk_test_aat3tzBCCXXBkS4sxY3M8A1B', 'pk_test_AU3G7doZ1sbdpJLj0NaozPBu', 'Method Currency', 1, NULL, '2017-11-24 01:03:12'),
(5, 'Skrill', 'skrill_1510350528h3.png', '1', '1', '1', 'buyer-email@example.com', 'AU3G7doZ1sbdpJLj0NaozPBu', 'Method Currency', 1, NULL, '2017-11-25 10:08:38'),
(6, 'Payza', 'payza_1511486287h3.png', '1', '1', '1', 'payza@gmail.com', NULL, 'Method Currency', 1, NULL, '2017-11-25 09:43:35'),
(7, 'Cash On Delivery', 'cod_1518732591h3.png', '1', '1', '1.5', '', NULL, 'Method Currency', 1, NULL, '2018-02-15 22:09:51'),
(8, 'Coinpaymnets', 'coin_1533237928h3.png', '1', '1', '1.5', '669e817074849967cad1ba0313ea8b3b', 'ba0313ea8b3b', 'Method Currency', 1, NULL, '2018-08-02 19:28:57'),
(11, 'Web Money', 'manual_1550666592h8.png', '1', '0', '0', '<p>Web Money Account Details:<br />\r\nID Number&nbsp; : MN484212545445<br />\r\nNID: 258652656454612<br />\r\nCountry: Bangladesh</p>', NULL, 'Method Currency', 1, NULL, '2019-02-20 19:09:10'),
(12, 'Western Union', 'manual_1550689629h8.jpg', '1', '0', '0', '<p>Western Union Details:<br />\r\nName : Bitcommerce<br />\r\nNID : 55421546232321<br />\r\nCountry: Bangladesh</p>', NULL, 'Method Currency', 1, '2019-02-20 19:07:09', '2019-02-20 19:07:09');

-- --------------------------------------------------------

--
-- Table structure for table `products`
--

CREATE TABLE `products` (
  `id` int(10) UNSIGNED NOT NULL,
  `category_id` int(11) NOT NULL,
  `subcategory_id` int(11) DEFAULT NULL,
  `childcategory_id` int(11) DEFAULT NULL,
  `name` varchar(191) COLLATE utf8mb4_unicode_ci NOT NULL,
  `slug` varchar(191) COLLATE utf8mb4_unicode_ci NOT NULL,
  `sku` varchar(191) COLLATE utf8mb4_unicode_ci NOT NULL,
  `image` varchar(191) COLLATE utf8mb4_unicode_ci NOT NULL,
  `current_price` varchar(191) COLLATE utf8mb4_unicode_ci NOT NULL,
  `old_price` varchar(191) COLLATE utf8mb4_unicode_ci DEFAULT NULL,
  `stock` int(11) NOT NULL DEFAULT '0',
  `description` blob NOT NULL,
  `policy` blob NOT NULL,
  `partner_id` int(11) NOT NULL DEFAULT '0',
  `color_status` tinyint(1) NOT NULL DEFAULT '0',
  `size_status` tinyint(1) NOT NULL DEFAULT '0',
  `view` int(11) NOT NULL DEFAULT '0',
  `featured` tinyint(1) NOT NULL DEFAULT '0',
  `staff_id` int(11) NOT NULL DEFAULT '0',
  `provider_id` int(11) NOT NULL DEFAULT '0',
  `charge` float NOT NULL DEFAULT '0',
  `rest_amount` float NOT NULL DEFAULT '0',
  `mood_id` tinyint(1) NOT NULL DEFAULT '0',
  `status` tinyint(1) NOT NULL,
  `created_at` timestamp NULL DEFAULT NULL,
  `updated_at` timestamp NULL DEFAULT NULL
) ENGINE=InnoDB DEFAULT CHARSET=utf8mb4 COLLATE=utf8mb4_unicode_ci;

--
-- Dumping data for table `products`
--

INSERT INTO `products` (`id`, `category_id`, `subcategory_id`, `childcategory_id`, `name`, `slug`, `sku`, `image`, `current_price`, `old_price`, `stock`, `description`, `policy`, `partner_id`, `color_status`, `size_status`, `view`, `featured`, `staff_id`, `provider_id`, `charge`, `rest_amount`, `mood_id`, `status`, `created_at`, `updated_at`) VALUES
(3, 1, 1, 1, 'Xiaomi Redmi Note 4X 64GB Smartphone - Gold', 'xiaomi-redmi-note-4x-64gb-smartphone-gold', 'C2W7C1PXXRJ', 'xiaomi-redmi-note-4x-64gb-smartphone-gold.jpeg', '360', NULL, 2, 0x3c7370616e207374796c653d22636f6c6f723a207267622839362c2039362c203936293b20666f6e742d66616d696c793a20526f626f746f2c2048656c7665746963612c20417269616c2c2073616e732d73657269663b20666f6e742d73697a653a20313270783b223e546865206e65772053616d73756e672047616c617879204a3720636f6d65732077697468206120706f776572686f75736520636f72652077686963682064656c697665727320796f757220776f726b20616e6420706c656173757265206e6565647320696e207374796c652e20497473204f6374612d636f726520436f727465782d4135332070726f636573736f7220617420312e362047487a20656e61626c657320697420746f2068616e646c6520746178696e67206170706c69636174696f6e732e20546869732c20616c6f6e67207769746820746865203347422052414d20616c6c6f777320796f7520746f20706c617920746865206c61746573742067616d65732c20706572666f726d2062617369632070686f6e652066756e6374696f6e732c20616e642073757266207468652077656220776974686f757420616e79206c616773206f7220736c6f77646f776e732e266e6273703b3c2f7370616e3e3c6272207374796c653d22636f6c6f723a207267622839362c2039362c203936293b20666f6e742d66616d696c793a20526f626f746f2c2048656c7665746963612c20417269616c2c2073616e732d73657269663b20666f6e742d73697a653a20313270783b223e3c7370616e207374796c653d22636f6c6f723a207267622839362c2039362c203936293b20666f6e742d66616d696c793a20526f626f746f2c2048656c7665746963612c20417269616c2c2073616e732d73657269663b20666f6e742d73697a653a20313270783b223e467572746865726d6f72652c207468652053616d73756e672047616c617879204a37205072696d6520534d2d4736313020697320656e67696e656572656420746f2070726f76696465207573657273207769746820746865207265616c20344720657870657269656e636520776974682069747320556c747261204461746120536176696e672073797374656d2e20546869732066656174757265732073617665732064617461207768656e2073747265616d696e6720766964656f73206f7220636865636b696e67206f757420617070732c207265737472696374696e67206170706c69636174696f6e732066726f6d20636f6e73756d696e6720746f6f206d7563682064617461207768656e20796f7527726520636f6d707574696e672e266e6273703b3c2f7370616e3e3c6272207374796c653d22636f6c6f723a2072676228302c20302c2030293b20666f6e742d66616d696c793a204c61746f2c2073616e732d73657269663b206f75746c696e653a206e6f6e652021696d706f7274616e743b223e3c6272207374796c653d22636f6c6f723a2072676228302c20302c2030293b20666f6e742d66616d696c793a204c61746f2c2073616e732d73657269663b206f75746c696e653a206e6f6e652021696d706f7274616e743b223e3c7370616e207374796c653d22636f6c6f723a207267622839362c2039362c203936293b20666f6e742d66616d696c793a20526f626f746f2c2048656c7665746963612c20417269616c2c2073616e732d73657269663b20666f6e742d73697a653a20313270783b223e546865206e65772053616d73756e672047616c617879204a3720636f6d65732077697468206120706f776572686f75736520636f72652077686963682064656c697665727320796f757220776f726b20616e6420706c656173757265206e6565647320696e207374796c652e20497473204f6374612d636f726520436f727465782d4135332070726f636573736f7220617420312e362047487a20656e61626c657320697420746f2068616e646c6520746178696e67206170706c69636174696f6e732e20546869732c20616c6f6e67207769746820746865203347422052414d20616c6c6f777320796f7520746f20706c617920746865206c61746573742067616d65732c20706572666f726d2062617369632070686f6e652066756e6374696f6e732c20616e642073757266207468652077656220776974686f757420616e79206c616773206f7220736c6f77646f776e732e266e6273703b3c2f7370616e3e3c6272207374796c653d22636f6c6f723a207267622839362c2039362c203936293b20666f6e742d66616d696c793a20526f626f746f2c2048656c7665746963612c20417269616c2c2073616e732d73657269663b20666f6e742d73697a653a20313270783b223e3c7370616e207374796c653d22636f6c6f723a207267622839362c2039362c203936293b20666f6e742d66616d696c793a20526f626f746f2c2048656c7665746963612c20417269616c2c2073616e732d73657269663b20666f6e742d73697a653a20313270783b223e467572746865726d6f72652c207468652053616d73756e672047616c617879204a37205072696d6520534d2d4736313020697320656e67696e656572656420746f2070726f76696465207573657273207769746820746865207265616c20344720657870657269656e636520776974682069747320556c747261204461746120536176696e672073797374656d2e20546869732066656174757265732073617665732064617461207768656e2073747265616d696e6720766964656f73206f7220636865636b696e67206f757420617070732c207265737472696374696e67206170706c69636174696f6e732066726f6d20636f6e73756d696e6720746f6f206d7563682064617461207768656e20796f7527726520636f6d707574696e672e266e6273703b3c2f7370616e3e3c6272207374796c653d22636f6c6f723a2072676228302c20302c2030293b20666f6e742d66616d696c793a204c61746f2c2073616e732d73657269663b206f75746c696e653a206e6f6e652021696d706f7274616e743b223e3c6272207374796c653d22636f6c6f723a2072676228302c20302c2030293b20666f6e742d66616d696c793a204c61746f2c2073616e732d73657269663b206f75746c696e653a206e6f6e652021696d706f7274616e743b223e3c62723e, 0x3c7370616e207374796c653d22636f6c6f723a207267622839362c2039362c203936293b20666f6e742d66616d696c793a20526f626f746f2c2048656c7665746963612c20417269616c2c2073616e732d73657269663b20666f6e742d73697a653a20313270783b223e546865206e65772053616d73756e672047616c617879204a3720636f6d65732077697468206120706f776572686f75736520636f72652077686963682064656c697665727320796f757220776f726b20616e6420706c656173757265206e6565647320696e207374796c652e20497473204f6374612d636f726520436f727465782d4135332070726f636573736f7220617420312e362047487a20656e61626c657320697420746f2068616e646c6520746178696e67206170706c69636174696f6e732e20546869732c20616c6f6e67207769746820746865203347422052414d20616c6c6f777320796f7520746f20706c617920746865206c61746573742067616d65732c20706572666f726d2062617369632070686f6e652066756e6374696f6e732c20616e642073757266207468652077656220776974686f757420616e79206c616773206f7220736c6f77646f776e732e266e6273703b3c2f7370616e3e3c6272207374796c653d22636f6c6f723a207267622839362c2039362c203936293b20666f6e742d66616d696c793a20526f626f746f2c2048656c7665746963612c20417269616c2c2073616e732d73657269663b20666f6e742d73697a653a20313270783b223e3c7370616e207374796c653d22636f6c6f723a207267622839362c2039362c203936293b20666f6e742d66616d696c793a20526f626f746f2c2048656c7665746963612c20417269616c2c2073616e732d73657269663b20666f6e742d73697a653a20313270783b223e467572746865726d6f72652c207468652053616d73756e672047616c617879204a37205072696d6520534d2d4736313020697320656e67696e656572656420746f2070726f76696465207573657273207769746820746865207265616c20344720657870657269656e636520776974682069747320556c747261204461746120536176696e672073797374656d2e20546869732066656174757265732073617665732064617461207768656e2073747265616d696e6720766964656f73206f7220636865636b696e67206f757420617070732c207265737472696374696e67206170706c69636174696f6e732066726f6d20636f6e73756d696e6720746f6f206d7563682064617461207768656e20796f7527726520636f6d707574696e672e266e6273703b3c2f7370616e3e3c62723e, 0, 0, 0, 96, 1, 0, 0, 0, 0, 0, 1, '2017-11-11 20:09:02', '2018-08-02 23:07:34'),
(4, 1, 1, NULL, 'Apple Smartphone - iPhone 7 Plus', 'apple-smartphone-iphone-7-plus', '35TIDT9FVTM', 'apple-smartphone-iphone-7-plus.jpg', '400', NULL, 4, 0x3c6272207374796c653d22636f6c6f723a207267622839362c2039362c203936293b20666f6e742d66616d696c793a20526f626f746f2c2048656c7665746963612c20417269616c2c2073616e732d73657269663b20666f6e742d73697a653a20313270783b223e3c7370616e207374796c653d22636f6c6f723a207267622839362c2039362c203936293b20666f6e742d66616d696c793a20526f626f746f2c2048656c7665746963612c20417269616c2c2073616e732d73657269663b20666f6e742d73697a653a20313270783b223e546865206950686f6e65203720506c7573206272696e677320746f20796f75206120686561647920636f6d62696e6174696f6e206f66207374796c6520616e6420706572666f726d616e636520746f20656e68616e636520796f757220736d61727470686f6e6520657870657269656e63652e20576974682069747320696d707265737369766520696e7465726e616c2073746f726167652c20706f77657266756c2063616d6572612073797374656d2c20666173742070726f636573736f7220616e64206c6f6e672062617474657279206c6966652c207468657265e280996c6c206e6576657220626520612064756c6c206d6f6d656e7420616761696e2e3c2f7370616e3e3c7370616e207374796c653d22666f6e742d7765696768743a203730303b20636f6c6f723a207267622839362c2039362c203936293b20666f6e742d66616d696c793a20526f626f746f2c2048656c7665746963612c20417269616c2c2073616e732d73657269663b20666f6e742d73697a653a20313270783b223e3c62723e3c2f7370616e3e3c7370616e207374796c653d22666f6e742d7765696768743a203730303b20636f6c6f723a207267622839362c2039362c203936293b20666f6e742d66616d696c793a20526f626f746f2c2048656c7665746963612c20417269616c2c2073616e732d73657269663b20666f6e742d73697a653a20313270783b223e44657369676e3c2f7370616e3e3c6272207374796c653d22636f6c6f723a207267622839362c2039362c203936293b20666f6e742d66616d696c793a20526f626f746f2c2048656c7665746963612c20417269616c2c2073616e732d73657269663b20666f6e742d73697a653a20313270783b223e3c6272207374796c653d22636f6c6f723a207267622839362c2039362c203936293b20666f6e742d66616d696c793a20526f626f746f2c2048656c7665746963612c20417269616c2c2073616e732d73657269663b20666f6e742d73697a653a20313270783b223e3c7370616e207374796c653d22636f6c6f723a207267622839362c2039362c203936293b20666f6e742d66616d696c793a20526f626f746f2c2048656c7665746963612c20417269616c2c2073616e732d73657269663b20666f6e742d73697a653a20313270783b223e546865206950686f6e65203720506c7573206665617475726573206120756e69626f64792064657369676e2074686174206973206561737920746f20686f6c642e20426561642d626c617374656420616c756d696e756d206973207573656420746f206769766520746869732070686f6e65e280997320626f647920616e20656c6567616e74206d617474652066696e6973682e2054686520656e636c6f73757265206f66207468652070686f6e6520697320776174657220616e642073706c61736820726573697374616e742c20736f20796f7520646f6ee2809974206861766520746f20776f7272792061626f7574207370696c6c732c2073706c6173682c20616e6420647573742e3c2f7370616e3e3c62723e, 0x3c6272207374796c653d22636f6c6f723a207267622839362c2039362c203936293b20666f6e742d66616d696c793a20526f626f746f2c2048656c7665746963612c20417269616c2c2073616e732d73657269663b20666f6e742d73697a653a20313270783b223e3c7370616e207374796c653d22636f6c6f723a207267622839362c2039362c203936293b20666f6e742d66616d696c793a20526f626f746f2c2048656c7665746963612c20417269616c2c2073616e732d73657269663b20666f6e742d73697a653a20313270783b223e546865206950686f6e65203720506c7573206272696e677320746f20796f75206120686561647920636f6d62696e6174696f6e206f66207374796c6520616e6420706572666f726d616e636520746f20656e68616e636520796f757220736d61727470686f6e6520657870657269656e63652e20576974682069747320696d707265737369766520696e7465726e616c2073746f726167652c20706f77657266756c2063616d6572612073797374656d2c20666173742070726f636573736f7220616e64206c6f6e672062617474657279206c6966652c207468657265e280996c6c206e6576657220626520612064756c6c206d6f6d656e7420616761696e2e3c2f7370616e3e3c7370616e207374796c653d22666f6e742d7765696768743a203730303b20636f6c6f723a207267622839362c2039362c203936293b20666f6e742d66616d696c793a20526f626f746f2c2048656c7665746963612c20417269616c2c2073616e732d73657269663b20666f6e742d73697a653a20313270783b223e3c62723e3c2f7370616e3e3c7370616e207374796c653d22666f6e742d7765696768743a203730303b20636f6c6f723a207267622839362c2039362c203936293b20666f6e742d66616d696c793a20526f626f746f2c2048656c7665746963612c20417269616c2c2073616e732d73657269663b20666f6e742d73697a653a20313270783b223e44657369676e3c2f7370616e3e3c6272207374796c653d22636f6c6f723a207267622839362c2039362c203936293b20666f6e742d66616d696c793a20526f626f746f2c2048656c7665746963612c20417269616c2c2073616e732d73657269663b20666f6e742d73697a653a20313270783b223e3c6272207374796c653d22636f6c6f723a207267622839362c2039362c203936293b20666f6e742d66616d696c793a20526f626f746f2c2048656c7665746963612c20417269616c2c2073616e732d73657269663b20666f6e742d73697a653a20313270783b223e3c7370616e207374796c653d22636f6c6f723a207267622839362c2039362c203936293b20666f6e742d66616d696c793a20526f626f746f2c2048656c7665746963612c20417269616c2c2073616e732d73657269663b20666f6e742d73697a653a20313270783b223e546865206950686f6e65203720506c7573206665617475726573206120756e69626f64792064657369676e2074686174206973206561737920746f20686f6c642e20426561642d626c617374656420616c756d696e756d206973207573656420746f206769766520746869732070686f6e65e280997320626f647920616e20656c6567616e74206d617474652066696e6973682e2054686520656e636c6f73757265206f66207468652070686f6e6520697320776174657220616e642073706c61736820726573697374616e742c20736f20796f7520646f6ee2809974206861766520746f20776f7272792061626f7574207370696c6c732c2073706c6173682c20616e6420647573742e3c2f7370616e3e3c62723e, 0, 0, 0, 400, 1, 0, 0, 0, 0, 0, 1, '2017-11-11 20:12:03', '2017-11-24 04:38:45'),
(5, 1, 1, 6, 'Xiaomi Redmi 4X Smartphone', 'xiaomi-redmi-4x-smartphone', '9NR1FVNJIXT', 'xiaomi-redmi-4x-smartphone.jpg', '340', NULL, 1, 0x4c6f72656d20497073756d2069732073696d706c792064756d6d792074657874206f6620746865207072696e74696e6720616e64207479706573657474696e6720696e6475737472792e204c6f72656d20497073756d20686173206265656e2074686520696e6475737472792773207374616e646172642064756d6d79207465787420657665722073696e6365207468652031353030732c207768656e20616e20756e6b6e6f776e207072696e74657220746f6f6b20612067616c6c6579206f66207479706520616e6420736372616d626c656420697420746f206d616b65206120747970652073706563696d656e20626f6f6b2e20497420686173207375727669766564206e6f74206f6e6c7920666976652063656e7475726965732c2062757420616c736f20746865206c65617020696e746f20656c656374726f6e6963207479706573657474696e672c2072656d61696e696e6720657373656e7469616c6c7920756e6368616e6765642e2049742077617320706f70756c61726973656420696e207468652031393630732077697468207468652072656c65617365206f66204c657472617365742073686565747320636f6e7461696e696e67204c6f72656d20497073756d2070617373616765732c20616e64206d6f726520726563656e746c792077697468206465736b746f70207075626c697368696e6720736f667477617265206c696b6520416c64757320506167654d616b657220696e636c7564696e672076657273696f6e73206f66204c6f72656d20497073756d2e, 0x4c6f72656d20497073756d2069732073696d706c792064756d6d792074657874206f6620746865207072696e74696e6720616e64207479706573657474696e6720696e6475737472792e204c6f72656d20497073756d20686173206265656e2074686520696e6475737472792773207374616e646172642064756d6d79207465787420657665722073696e6365207468652031353030732c207768656e20616e20756e6b6e6f776e207072696e74657220746f6f6b20612067616c6c6579206f66207479706520616e6420736372616d626c656420697420746f206d616b65206120747970652073706563696d656e20626f6f6b2e20497420686173207375727669766564206e6f74206f6e6c7920666976652063656e7475726965732c2062757420616c736f20746865206c65617020696e746f20656c656374726f6e6963207479706573657474696e672c2072656d61696e696e6720657373656e7469616c6c7920756e6368616e6765642e2049742077617320706f70756c61726973656420696e207468652031393630732077697468207468652072656c65617365206f66204c657472617365742073686565747320636f6e7461696e696e67204c6f72656d20497073756d2070617373616765732c20616e64206d6f726520726563656e746c792077697468206465736b746f70207075626c697368696e6720736f667477617265206c696b6520416c64757320506167654d616b657220696e636c7564696e672076657273696f6e73206f66204c6f72656d20497073756d2e3c62723e, 16, 1, 1, 16, 1, 0, 0, 0, 0, 0, 1, '2017-11-12 11:54:49', '2018-03-06 01:19:40'),
(6, 1, 1, 2, 'iPhone 8 64GB', 'iphone-8-64gb', 'DFYUHUTWNUG', 'iphone-8-64gb.jpg', '450', '430', 30, 0x3c64697620636c6173733d22636f6c2d78732d313220737065632d7465787422207374796c653d2277696474683a2035373070783b206c696e652d6865696768743a20312e353b206d617267696e2d626f74746f6d3a20313570783b20636f6c6f723a207267622833332c2034302c203436293b20666f6e742d66616d696c793a2054656c656e6f722c20417269616c2c2048656c7665746963612c2073616e732d73657269663b206261636b67726f756e642d636f6c6f723a20726762283233322c203234372c20323533293b206f75746c696e653a203070782021696d706f7274616e743b223e3c70207374796c653d226f75746c696e653a203070782021696d706f7274616e743b223e6950686f6e65203820616e64206950686f6e65203820506c75733b2064657369676e6564207769746820746865206d6f73742064757261626c6520676c617373206576657220696e206120736d61727470686f6e652c2061207374726f6e676572206165726f737061636520677261646520616c756d696e756d2062616e6420616e6420706f7765726564206279204131312042696f6e69632c20746865206d6f737420706f77657266756c20616e6420736d6172746573742063686970206576657220696e206120736d61727470686f6e652e20546f206861726e657373207468617420706f776572204772616d65656e70686f6e652c20746865206e756d6265722031206e6574776f726b206f662042616e676c6164657368206973206f66666572696e6720746865206950686f6e65203820616e64206950686f6e65203820506c757320776974682031304742206672656520496e7465726e657420616e6420757020746f2036344742206f6620496e7465726e6574206174206120646973636f756e7465642070726963652e20596f752077696c6c20616c736f2062652061626c6520746f20656e6a6f7920696e7374616e74205354415220737461747573206f7220757020677261646174696f6e20696e20796f7572205354415220737461747573207768696c652070757263686173696e6720746865206e6577206950686f6e65203820616e64206950686f6e65203820506c75732e3c2f703e3c2f6469763e3c64697620636c6173733d22636f6c2d78732d313220737065632d6b65797322207374796c653d2277696474683a2035373070783b20636f6c6f723a207267622833332c2034302c203436293b20666f6e742d66616d696c793a2054656c656e6f722c20417269616c2c2048656c7665746963612c2073616e732d73657269663b206261636b67726f756e642d636f6c6f723a20726762283233322c203234372c20323533293b206f75746c696e653a203070782021696d706f7274616e743b223e3c64697620636c6173733d22726f7722207374796c653d226f75746c696e653a203070782021696d706f7274616e743b223e3c64697620636c6173733d22636f6c2d78732d3622207374796c653d2277696474683a2032383570783b206f75746c696e653a203070782021696d706f7274616e743b223e3c64697620636c6173733d22737065632d6b657922207374796c653d226d696e2d6865696768743a20373870783b2070616464696e673a2034707820313570782034707820363470783b206d617267696e2d626f74746f6d3a203070783b20706f736974696f6e3a2072656c61746976653b206f75746c696e653a203070782021696d706f7274616e743b223e3c7370616e20636c6173733d22737065632d69636f6e22207374796c653d22706f736974696f6e3a206162736f6c7574653b20746f703a203070783b206c6566743a203070783b2077696474683a20353070783b206865696768743a20353070783b2070616464696e673a203770783b20626f726465722d7261646975733a2031303070783b206261636b67726f756e642d636f6c6f723a2072676228302c203134352c20323130293b206f75746c696e653a203070782021696d706f7274616e743b223e3c6920636c6173733d2269636f6e2d696d6722207374796c653d22706f736974696f6e3a206162736f6c7574653b206261636b67726f756e642d706f736974696f6e3a2063656e7465722063656e7465723b206261636b67726f756e642d7265706561743a206e6f2d7265706561743b206c6566743a203070783b20746f703a203070783b20626f74746f6d3a203070783b2072696768743a203070783b206261636b67726f756e642d73697a653a203336707820333670783b206261636b67726f756e642d696d6167653a2075726c282671756f743b68747470733a2f2f63646e30312e6772616d65656e70686f6e652e636f6d2f73686f702f73697465732f64656661756c742f66696c65732f69636f6e2d646973706c61795f36342e706e672671756f743b293b206f75746c696e653a203070782021696d706f7274616e743b223e3c2f693e3c2f7370616e3e3c7370616e20636c6173733d2273722073722d626f6c6422207374796c653d22646973706c61793a20626c6f636b3b206c696e652d6865696768743a20312e363b206f75746c696e653a203070782021696d706f7274616e743b223e446973706c61793c2f7370616e3e3c7370616e20636c6173733d22737222207374796c653d22646973706c61793a20626c6f636b3b206c696e652d6865696768743a20312e363b206f75746c696e653a203070782021696d706f7274616e743b223e3735302078203133333420706978656c732c2031363a3920726174696f3c2f7370616e3e3c2f6469763e3c2f6469763e3c64697620636c6173733d22636f6c2d78732d3622207374796c653d2277696474683a2032383570783b206f75746c696e653a203070782021696d706f7274616e743b223e3c64697620636c6173733d22737065632d6b657922207374796c653d226d696e2d6865696768743a20373870783b2070616464696e673a2034707820313570782034707820363470783b206d617267696e2d626f74746f6d3a203070783b20706f736974696f6e3a2072656c61746976653b206f75746c696e653a203070782021696d706f7274616e743b223e3c7370616e20636c6173733d22737065632d69636f6e22207374796c653d22706f736974696f6e3a206162736f6c7574653b20746f703a203070783b206c6566743a203070783b2077696474683a20353070783b206865696768743a20353070783b2070616464696e673a203770783b20626f726465722d7261646975733a2031303070783b206261636b67726f756e642d636f6c6f723a2072676228302c203134352c20323130293b206f75746c696e653a203070782021696d706f7274616e743b223e3c6920636c6173733d2269636f6e2d696d6722207374796c653d22706f736974696f6e3a206162736f6c7574653b206261636b67726f756e642d706f736974696f6e3a2063656e7465722063656e7465723b206261636b67726f756e642d7265706561743a206e6f2d7265706561743b206c6566743a203070783b20746f703a203070783b20626f74746f6d3a203070783b2072696768743a203070783b206261636b67726f756e642d73697a653a203336707820333670783b206261636b67726f756e642d696d6167653a2075726c282671756f743b68747470733a2f2f63646e30312e6772616d65656e70686f6e652e636f6d2f73686f702f73697465732f64656661756c742f66696c65732f69636f6e2d6f735f35332e706e672671756f743b293b206f75746c696e653a203070782021696d706f7274616e743b223e3c2f693e3c2f7370616e3e3c7370616e20636c6173733d2273722073722d626f6c6422207374796c653d22646973706c61793a20626c6f636b3b206c696e652d6865696768743a20312e363b206f75746c696e653a203070782021696d706f7274616e743b223e4f7065726174696e672053797374656d3c2f7370616e3e3c7370616e20636c6173733d22737222207374796c653d22646973706c61793a20626c6f636b3b206c696e652d6865696768743a20312e363b206f75746c696e653a203070782021696d706f7274616e743b223e694f532031312c2075706772616461626c6520746f20694f532031312e302e323c2f7370616e3e3c2f6469763e3c2f6469763e3c64697620636c6173733d22636f6c2d78732d3622207374796c653d2277696474683a2032383570783b206f75746c696e653a203070782021696d706f7274616e743b223e3c64697620636c6173733d22737065632d6b657922207374796c653d226d696e2d6865696768743a20373870783b2070616464696e673a2034707820313570782034707820363470783b206d617267696e2d626f74746f6d3a203070783b20706f736974696f6e3a2072656c61746976653b206f75746c696e653a203070782021696d706f7274616e743b223e3c7370616e20636c6173733d22737065632d69636f6e22207374796c653d22706f736974696f6e3a206162736f6c7574653b20746f703a203070783b206c6566743a203070783b2077696474683a20353070783b206865696768743a20353070783b2070616464696e673a203770783b20626f726465722d7261646975733a2031303070783b206261636b67726f756e642d636f6c6f723a2072676228302c203134352c20323130293b206f75746c696e653a203070782021696d706f7274616e743b223e3c6920636c6173733d2269636f6e2d696d6722207374796c653d22706f736974696f6e3a206162736f6c7574653b206261636b67726f756e642d706f736974696f6e3a2063656e7465722063656e7465723b206261636b67726f756e642d7265706561743a206e6f2d7265706561743b206c6566743a203070783b20746f703a203070783b20626f74746f6d3a203070783b2072696768743a203070783b206261636b67726f756e642d73697a653a203336707820333670783b206261636b67726f756e642d696d6167653a2075726c282671756f743b68747470733a2f2f63646e30312e6772616d65656e70686f6e652e636f6d2f73686f702f73697465732f64656661756c742f66696c65732f69636f6e2d63616d6572615f35392e706e672671756f743b293b206f75746c696e653a203070782021696d706f7274616e743b223e3c2f693e3c2f7370616e3e3c7370616e20636c6173733d2273722073722d626f6c6422207374796c653d22646973706c61793a20626c6f636b3b206c696e652d6865696768743a20312e363b206f75746c696e653a203070782021696d706f7274616e743b223e43616d6572613c2f7370616e3e3c7370616e20636c6173733d22737222207374796c653d22646973706c61793a20626c6f636b3b206c696e652d6865696768743a20312e363b206f75746c696e653a203070782021696d706f7274616e743b223e6175746f666f6375732c204f49532c20717561642d4c454420666c6173683c2f7370616e3e3c2f6469763e3c2f6469763e3c64697620636c6173733d22636f6c2d78732d3622207374796c653d2277696474683a2032383570783b206f75746c696e653a203070782021696d706f7274616e743b223e3c64697620636c6173733d22737065632d6b657922207374796c653d226d696e2d6865696768743a20373870783b2070616464696e673a2034707820313570782034707820363470783b206d617267696e2d626f74746f6d3a203070783b20706f736974696f6e3a2072656c61746976653b206f75746c696e653a203070782021696d706f7274616e743b223e3c7370616e20636c6173733d22737065632d69636f6e22207374796c653d22706f736974696f6e3a206162736f6c7574653b20746f703a203070783b206c6566743a203070783b2077696474683a20353070783b206865696768743a20353070783b2070616464696e673a203770783b20626f726465722d7261646975733a2031303070783b206261636b67726f756e642d636f6c6f723a2072676228302c203134352c20323130293b206f75746c696e653a203070782021696d706f7274616e743b223e3c6920636c6173733d2269636f6e2d696d6722207374796c653d22706f736974696f6e3a206162736f6c7574653b206261636b67726f756e642d706f736974696f6e3a2063656e7465722063656e7465723b206261636b67726f756e642d7265706561743a206e6f2d7265706561743b206c6566743a203070783b20746f703a203070783b20626f74746f6d3a203070783b2072696768743a203070783b206261636b67726f756e642d73697a653a203336707820333670783b206261636b67726f756e642d696d6167653a2075726c282671756f743b68747470733a2f2f63646e30312e6772616d65656e70686f6e652e636f6d2f73686f702f73697465732f64656661756c742f66696c65732f69636f6e2d70726f636573736f725f36332e706e672671756f743b293b206f75746c696e653a203070782021696d706f7274616e743b223e3c2f693e3c2f7370616e3e3c7370616e20636c6173733d2273722073722d626f6c6422207374796c653d22646973706c61793a20626c6f636b3b206c696e652d6865696768743a20312e363b206f75746c696e653a203070782021696d706f7274616e743b223e50726f636573736f723c2f7370616e3e3c7370616e20636c6173733d22737222207374796c653d22646973706c61793a20626c6f636b3b206c696e652d6865696768743a20312e363b206f75746c696e653a203070782021696d706f7274616e743b223e4170706c65204131312042696f6e696320636869703c2f7370616e3e3c2f6469763e3c2f6469763e3c64697620636c6173733d22636f6c2d78732d3622207374796c653d2277696474683a2032383570783b206f75746c696e653a203070782021696d706f7274616e743b223e3c64697620636c6173733d22737065632d6b657922207374796c653d226d696e2d6865696768743a20373870783b2070616464696e673a2034707820313570782034707820363470783b206d617267696e2d626f74746f6d3a203070783b20706f736974696f6e3a2072656c61746976653b206f75746c696e653a203070782021696d706f7274616e743b223e3c7370616e20636c6173733d22737065632d69636f6e22207374796c653d22706f736974696f6e3a206162736f6c7574653b20746f703a203070783b206c6566743a203070783b2077696474683a20353070783b206865696768743a20353070783b2070616464696e673a203770783b20626f726465722d7261646975733a2031303070783b206261636b67726f756e642d636f6c6f723a2072676228302c203134352c20323130293b206f75746c696e653a203070782021696d706f7274616e743b223e3c6920636c6173733d2269636f6e2d696d6722207374796c653d22706f736974696f6e3a206162736f6c7574653b206261636b67726f756e642d706f736974696f6e3a2063656e7465722063656e7465723b206261636b67726f756e642d7265706561743a206e6f2d7265706561743b206c6566743a203070783b20746f703a203070783b20626f74746f6d3a203070783b2072696768743a203070783b206261636b67726f756e642d73697a653a203336707820333670783b206261636b67726f756e642d696d6167653a2075726c282671756f743b68747470733a2f2f63646e30312e6772616d65656e70686f6e652e636f6d2f73686f702f73697465732f64656661756c742f66696c65732f73656e736f725f382e706e672671756f743b293b206f75746c696e653a203070782021696d706f7274616e743b223e3c2f693e3c2f7370616e3e3c7370616e20636c6173733d2273722073722d626f6c6422207374796c653d22646973706c61793a20626c6f636b3b206c696e652d6865696768743a20312e363b206f75746c696e653a203070782021696d706f7274616e743b223e53656e736f72733c2f7370616e3e3c7370616e20636c6173733d22737222207374796c653d22646973706c61793a20626c6f636b3b206c696e652d6865696768743a20312e363b206f75746c696e653a203070782021696d706f7274616e743b223e46696e6765727072696e742c20616363656c65726f6d657465722c206779726f2c2070726f78696d6974793c2f7370616e3e3c2f6469763e3c2f6469763e3c64697620636c6173733d22636f6c2d78732d3622207374796c653d2277696474683a2032383570783b206f75746c696e653a203070782021696d706f7274616e743b223e3c64697620636c6173733d22737065632d6b657922207374796c653d226d696e2d6865696768743a20373870783b2070616464696e673a2034707820313570782034707820363470783b206d617267696e2d626f74746f6d3a203070783b20706f736974696f6e3a2072656c61746976653b206f75746c696e653a203070782021696d706f7274616e743b223e3c7370616e20636c6173733d22737065632d69636f6e22207374796c653d22706f736974696f6e3a206162736f6c7574653b20746f703a203070783b206c6566743a203070783b2077696474683a20353070783b206865696768743a20353070783b2070616464696e673a203770783b20626f726465722d7261646975733a2031303070783b206261636b67726f756e642d636f6c6f723a2072676228302c203134352c20323130293b206f75746c696e653a203070782021696d706f7274616e743b223e3c6920636c6173733d2269636f6e2d696d6722207374796c653d22706f736974696f6e3a206162736f6c7574653b206261636b67726f756e642d706f736974696f6e3a2063656e7465722063656e7465723b206261636b67726f756e642d7265706561743a206e6f2d7265706561743b206c6566743a203070783b20746f703a203070783b20626f74746f6d3a203070783b2072696768743a203070783b206261636b67726f756e642d73697a653a203336707820333670783b206261636b67726f756e642d696d6167653a2075726c282671756f743b68747470733a2f2f63646e30312e6772616d65656e70686f6e652e636f6d2f73686f702f73697465732f64656661756c742f66696c65732f7370656369616c253230666561747572655f342e706e672671756f743b293b206f75746c696e653a203070782021696d706f7274616e743b223e3c2f693e3c2f7370616e3e3c7370616e20636c6173733d2273722073722d626f6c6422207374796c653d22646973706c61793a20626c6f636b3b206c696e652d6865696768743a20312e363b206f75746c696e653a203070782021696d706f7274616e743b223e5370656369616c20466561747572653c2f7370616e3e3c7370616e20636c6173733d22737222207374796c653d22646973706c61793a20626c6f636b3b206c696e652d6865696768743a20312e363b206f75746c696e653a203070782021696d706f7274616e743b223e4950363720636572746966696564202d206475737420616e6420776174657220726573697374616e743c2f7370616e3e3c2f6469763e3c2f6469763e3c64697620636c6173733d22636f6c2d78732d3622207374796c653d2277696474683a2032383570783b206f75746c696e653a203070782021696d706f7274616e743b223e3c64697620636c6173733d22737065632d6b657922207374796c653d226d696e2d6865696768743a20373870783b2070616464696e673a2034707820313570782034707820363470783b206d617267696e2d626f74746f6d3a203070783b20706f736974696f6e3a2072656c61746976653b206f75746c696e653a203070782021696d706f7274616e743b223e3c7370616e20636c6173733d22737065632d69636f6e22207374796c653d22706f736974696f6e3a206162736f6c7574653b20746f703a203070783b206c6566743a203070783b2077696474683a20353070783b206865696768743a20353070783b2070616464696e673a203770783b20626f726465722d7261646975733a2031303070783b206261636b67726f756e642d636f6c6f723a2072676228302c203134352c20323130293b206f75746c696e653a203070782021696d706f7274616e743b223e3c6920636c6173733d2269636f6e2d696d6722207374796c653d22706f736974696f6e3a206162736f6c7574653b206261636b67726f756e642d706f736974696f6e3a2063656e7465722063656e7465723b206261636b67726f756e642d7265706561743a206e6f2d7265706561743b206c6566743a203070783b20746f703a203070783b20626f74746f6d3a203070783b2072696768743a203070783b206261636b67726f756e642d73697a653a203336707820333670783b206261636b67726f756e642d696d6167653a2075726c282671756f743b68747470733a2f2f63646e30312e6772616d65656e70686f6e652e636f6d2f73686f702f73697465732f64656661756c742f66696c65732f69636f6e2d626174746572795f35392e706e672671756f743b293b206f75746c696e653a203070782021696d706f7274616e743b223e3c2f693e3c2f7370616e3e3c7370616e20636c6173733d2273722073722d626f6c6422207374796c653d22646973706c61793a20626c6f636b3b206c696e652d6865696768743a20312e363b206f75746c696e653a203070782021696d706f7274616e743b223e426174746572793c2f7370616e3e3c7370616e20636c6173733d22737222207374796c653d22646973706c61793a20626c6f636b3b206c696e652d6865696768743a20312e363b206f75746c696e653a203070782021696d706f7274616e743b223e4e6f6e2d72656d6f7661626c65204c692d496f6e2031383231206d416820626174746572793c2f7370616e3e3c2f6469763e3c2f6469763e3c2f6469763e3c2f6469763e, 0x3c6833207374796c653d22666f6e742d66616d696c793a2054656c656e6f722c20417269616c2c2048656c7665746963612c2073616e732d73657269663b20666f6e742d7765696768743a20626f6c643b206c696e652d6865696768743a20312e353b20636f6c6f723a207267622833332c2034302c203436293b206d617267696e2d746f703a203070783b206d617267696e2d72696768743a203070783b206d617267696e2d6c6566743a203070783b2070616464696e673a203070783b206f75746c696e653a203070782021696d706f7274616e743b223e3c7370616e207374796c653d226f75746c696e653a203070782021696d706f7274616e743b223e4f72646572205374617475732026616d703b205368697070696e673c2f7370616e3e3c2f68333e3c70207374796c653d22636f6c6f723a207267622833332c2034302c203436293b20666f6e742d66616d696c793a2054656c656e6f722c20417269616c2c2048656c7665746963612c2073616e732d73657269663b206f75746c696e653a203070782021696d706f7274616e743b223e3c7370616e207374796c653d22666f6e742d7765696768743a203730303b206f75746c696e653a203070782021696d706f7274616e743b223e43616e20796f752064656c6976657220746f206d65206f757473696465204468616b613f3c2f7370616e3e3c2f703e3c70207374796c653d22636f6c6f723a207267622833332c2034302c203436293b20666f6e742d66616d696c793a2054656c656e6f722c20417269616c2c2048656c7665746963612c2073616e732d73657269663b206f75746c696e653a203070782021696d706f7274616e743b223e5965732c20475053686f702077696c6c2064656c6976657220757020746f205468616e61204865616471756172746572732077697468696e2042616e676c61646573683c2f703e3c70207374796c653d22636f6c6f723a207267622833332c2034302c203436293b20666f6e742d66616d696c793a2054656c656e6f722c20417269616c2c2048656c7665746963612c2073616e732d73657269663b206f75746c696e653a203070782021696d706f7274616e743b223e3c7370616e207374796c653d22666f6e742d7765696768743a203730303b206f75746c696e653a203070782021696d706f7274616e743b223e4f6e2077686174206c6f636174696f6e7320475053686f702064656c6976657220696e2042616e676c61646573683f3c2f7370616e3e3c2f703e3c70207374796c653d22636f6c6f723a207267622833332c2034302c203436293b20666f6e742d66616d696c793a2054656c656e6f722c20417269616c2c2048656c7665746963612c2073616e732d73657269663b206f75746c696e653a203070782021696d706f7274616e743b223e475053686f702077696c6c2064656c6976657220746f20616c6d6f737420616c6c206c6f636174696f6e732077697468696e2042616e676c61646573682065786365707420284b686167726163686172692c205377616e6469702c2048617469612c2053756e64617262616e2041726561293c2f703e3c70207374796c653d22636f6c6f723a207267622833332c2034302c203436293b20666f6e742d66616d696c793a2054656c656e6f722c20417269616c2c2048656c7665746963612c2073616e732d73657269663b206f75746c696e653a203070782021696d706f7274616e743b223e3c7370616e207374796c653d22666f6e742d7765696768743a203730303b206f75746c696e653a203070782021696d706f7274616e743b223e5768656e2077696c6c204920676574206d792070726f64756374206166746572204920706c61636520616e206f72646572202864656c697665727920706572696f64293f3c2f7370616e3e3c2f703e3c70207374796c653d22636f6c6f723a207267622833332c2034302c203436293b20666f6e742d66616d696c793a2054656c656e6f722c20417269616c2c2048656c7665746963612c2073616e732d73657269663b206f75746c696e653a203070782021696d706f7274616e743b223e596f752063616e2063686f6f7365207468652044656c6976657279207479706520646570656e64696e67206f6e20796f75207072656665727265642064656c697665727920706572696f642e3c2f703e3c70207374796c653d22636f6c6f723a207267622833332c2034302c203436293b20666f6e742d66616d696c793a2054656c656e6f722c20417269616c2c2048656c7665746963612c2073616e732d73657269663b206f75746c696e653a203070782021696d706f7274616e743b223e457870726573732044656c697665727920e28093204765742053616d65204461792044656c697665727920286f6e6c7920696e204468616b61293b206f72646572206265747765656e203132616d2d31313a3030616d266e6273703b616e64206765742064656c69766572792062792038706d3c2f703e3c70207374796c653d22636f6c6f723a207267622833332c2034302c203436293b20666f6e742d66616d696c793a2054656c656e6f722c20417269616c2c2048656c7665746963612c2073616e732d73657269663b206f75746c696e653a203070782021696d706f7274616e743b223e526567756c61722064656c697665727920284468616b6129202d204e657874206461792044656c69766572793c2f703e3c70207374796c653d22636f6c6f723a207267622833332c2034302c203436293b20666f6e742d66616d696c793a2054656c656e6f722c20417269616c2c2048656c7665746963612c2073616e732d73657269663b206f75746c696e653a203070782021696d706f7274616e743b223e526567756c61722064656c697665727920284f757473696465204468616b6129202d266e6273703b3c7370616e207374796c653d22666f6e742d73697a653a2031332e30303870783b206f75746c696e653a203070782021696d706f7274616e743b223e64656c69766572793c2f7370616e3e3c7370616e207374796c653d22666f6e742d73697a653a2031332e30303870783b206f75746c696e653a203070782021696d706f7274616e743b223e266e6273703b3c2f7370616e3e3c7370616e207374796c653d22666f6e742d73697a653a2031332e30303870783b206f75746c696e653a203070782021696d706f7274616e743b223e77697468696e2037206461797320696e736964652053616461723b2077697468696e2031302064617973206f7574736964652053616461723c2f7370616e3e3c2f703e, 0, 0, 0, 9, 1, 0, 0, 0, 0, 0, 1, '2017-11-21 19:46:52', '2018-02-28 08:24:35');
INSERT INTO `products` (`id`, `category_id`, `subcategory_id`, `childcategory_id`, `name`, `slug`, `sku`, `image`, `current_price`, `old_price`, `stock`, `description`, `policy`, `partner_id`, `color_status`, `size_status`, `view`, `featured`, `staff_id`, `provider_id`, `charge`, `rest_amount`, `mood_id`, `status`, `created_at`, `updated_at`) VALUES
(7, 3, 5, 8, 'Apple Apple Macbook Pro MJLT2ZA/A', 'apple-apple-macbook-pro-mjlt2zaa', '6WLTCINGGHG', 'apple-apple-macbook-pro-mjlt2zaa.jpg', '750', '730', 32, 0x3c756c207374796c653d226d617267696e2d72696768743a203070783b206d617267696e2d626f74746f6d3a203070783b206d617267696e2d6c6566743a203070783b206c6973742d7374796c653a206e6f6e653b2070616464696e673a203070783b20636f6c6f723a207267622838352c2038352c203835293b20666f6e742d66616d696c793a20526f626f746f2c2048656c7665746963612c20417269616c2c2073616e732d73657269663b20666f6e742d73697a653a20313270783b223e3c6c69207374796c653d226c696e652d6865696768743a20313670783b20636f6c6f723a20677265793b20646973706c61793a20626c6f636b3b20706f736974696f6e3a2072656c61746976653b206d617267696e2d746f703a203370783b2070616464696e672d6c6566743a203870783b206f766572666c6f773a2068696464656e3b20746578742d6f766572666c6f773a20656c6c69707369733b2077686974652d73706163653a206e6f777261703b20666c6f61743a206e6f6e653b2077696474683a203433312e31383870783b2070616464696e672d72696768743a20382e373936383870783b223e3c6832207374796c653d22666f6e742d66616d696c793a20526f626f746f2c2048656c7665746963612c20417269616c2c2073616e732d73657269663b20636f6c6f723a2072676228302c20302c2030293b206d617267696e2d746f703a203070783b206d617267696e2d626f74746f6d3a20382e3570783b20666f6e742d73697a653a20313470783b2077686974652d73706163653a206e6f726d616c3b223e4d6163626f6f6b2050726f204d5054543250412f41202d20436f7265206937202d20496e74656c2048442047726170686963732036333020322e3920746f20332e3947487a202d2031352e3422204c4544202d20313647422052414d202d2035313247422053534420e2809320537061636520477265793c2f68323e3c6272207374796c653d22636f6c6f723a207267622839362c2039362c203936293b2077686974652d73706163653a206e6f726d616c3b223e3c6832207374796c653d22666f6e742d66616d696c793a20526f626f746f2c2048656c7665746963612c20417269616c2c2073616e732d73657269663b20636f6c6f723a2072676228302c20302c2030293b206d617267696e2d746f703a20313770783b206d617267696e2d626f74746f6d3a20382e3570783b20666f6e742d73697a653a20313470783b2077686974652d73706163653a206e6f726d616c3b223e526574696e6120446973706c61793a204d6f737420436f6c6f7266756c20446973706c617920457665723c2f68323e3c6272207374796c653d22636f6c6f723a207267622839362c2039362c203936293b2077686974652d73706163653a206e6f726d616c3b223e3c7370616e207374796c653d22636f6c6f723a207267622839362c2039362c203936293b2077686974652d73706163653a206e6f726d616c3b223e54686520646973706c617920696e20746865204d6163426f6f6b2050726f206973207468652062657374206576657220696e2061204d6163206e6f7465626f6f6b2e20497420666561747572657320627269676874204c4544206261636b6c69676874696e6720616e642061206869676820636f6e747261737420726174696f2c2064656c69766572696e67206465657020626c61636b7320616e6420627269676874207768697465732e2049742773206c617267657220706978656c20617065727475726520616e64207661726961626c6520726566726573682072617465206d616b657320697420706f77657220656666696369656e742e20416e6420697420737570706f727473207769646520636f6c6f7220666f72206576656e206d6f72652076696272616e7420677265656e7320616e642072656473207468616e207769746820735247422e2054686973206d616b657320666f72206d6f726520747275652d746f2d6c6966652070696374757265732077697468207265616c6973746963616c6c792076697669642064657461696c7320657373656e7469616c20666f7220677261706869632064657369676e2c20636f6c6f722067726164696e672c20616e642065646974696e672e3c2f7370616e3e3c6272207374796c653d22636f6c6f723a207267622839362c2039362c203936293b2077686974652d73706163653a206e6f726d616c3b223e3c6832207374796c653d22666f6e742d66616d696c793a20526f626f746f2c2048656c7665746963612c20417269616c2c2073616e732d73657269663b20636f6c6f723a2072676228302c20302c2030293b206d617267696e2d746f703a20313770783b206d617267696e2d626f74746f6d3a20382e3570783b20666f6e742d73697a653a20313470783b2077686974652d73706163653a206e6f726d616c3b223e5265766f6c7574696f6e6172792077617920746f20557365204d6163426f6f6b2050726f3a20546f756368204261722026616d703b2049443c2f68323e3c6272207374796c653d22636f6c6f723a207267622839362c2039362c203936293b2077686974652d73706163653a206e6f726d616c3b223e3c7370616e207374796c653d22636f6c6f723a207267622839362c2039362c203936293b2077686974652d73706163653a206e6f726d616c3b223e54686520546f75636820426172207265706c61636573207468652066756e6374696f6e206b65797320746861742068617665206c6f6e67206f636375706965642074686520746f70206f6620796f7572206b6579626f617264207769746820736f6d657468696e67206d756368206d6f726520766572736174696c6520616e642063617061626c652e32204974206368616e676573206175746f6d61746963616c6c79206261736564206f6e207768617420796f75e28099726520646f696e6720746f2073686f7720796f752072656c6576616e7420746f6f6c7320796f7520616c7265616479206b6e6f7720686f7720746f2075736520e280942073797374656d20636f6e74726f6c73206c696b6520766f6c756d6520616e64206272696768746e6573732c20696e746572616374697665207761797320746f2061646a757374206f722062726f777365207468726f75676820636f6e74656e742c20696e74656c6c6967656e7420747970696e67206665617475726573206c696b6520656d6f6a6920616e64207072656469637469766520746578742c20616e64206d6f72652e20416e64206e6f7720546f75636820494420697320617661696c61626c65206f6e2061204d61632c20656e61626c696e6720696e7374616e742061636365737320746f206c6f67696e732e3c2f7370616e3e3c6272207374796c653d22636f6c6f723a207267622839362c2039362c203936293b2077686974652d73706163653a206e6f726d616c3b223e3c7370616e207374796c653d22636f6c6f723a207267622839362c2039362c203936293b2077686974652d73706163653a206e6f726d616c3b223e4661766f726974652041707073207769746820546f756368204261723a2054686520546f756368204261722063616e206368616e676520686f7720796f7520657870657269656e636520746865206170707320796f75207573652065766572792064617920e28094206c696b652050686f746f73686f702c204d6963726f736f6674204f66666963652c20446156696e6369205265736f6c76652c204c6f6769632050726f205820616e64206f74686572732e204b657920746f6f6c7320616e6420666561747572657320617070656172207374726169676874206f6e2074686520546f756368204261722c20736f2074686579e2809972652065617369657220746f20646973636f76657220616e64207573652e204974e280997320612064796e616d69632063616e766173207468617420646576656c6f706572732063616e2075736520746f206164642061206e65772064696d656e73696f6e206f6620696e746572616374697669747920746f2063757272656e7420616e642066757475726520617070732e266e6273703b3c2f7370616e3e3c6272207374796c653d22636f6c6f723a207267622839362c2039362c203936293b2077686974652d73706163653a206e6f726d616c3b223e3c7370616e207374796c653d22636f6c6f723a207267622839362c2039362c203936293b2077686974652d73706163653a206e6f726d616c3b223e556e6c6f636b207769746820546f7563682049443a204e6f7720796f752063616e20756e6c6f636b20796f7572204d616320696e20616e20696e7374616e742e20517569636b6c79206163636573732073797374656d2073657474696e677320616e64206c6f636b6564206e6f7465732e20416e64206576656e20737769746368206265747765656e20757365727320616c6c20776974682074686520746f756368206f6620612066696e6765722e3c2f7370616e3e3c6272207374796c653d22636f6c6f723a207267622839362c2039362c203936293b2077686974652d73706163653a206e6f726d616c3b223e3c6832207374796c653d22666f6e742d66616d696c793a20526f626f746f2c2048656c7665746963612c20417269616c2c2073616e732d73657269663b20636f6c6f723a2072676228302c20302c2030293b206d617267696e2d746f703a20313770783b206d617267696e2d626f74746f6d3a20382e3570783b20666f6e742d73697a653a20313470783b2077686974652d73706163653a206e6f726d616c3b223e537065656479205353442073746f726167653c2f68323e3c6272207374796c653d22636f6c6f723a207267622839362c2039362c203936293b2077686974652d73706163653a206e6f726d616c3b223e3c7370616e207374796c653d22636f6c6f723a207267622839362c2039362c203936293b2077686974652d73706163653a206e6f726d616c3b223e4d6163426f6f6b2050726f20696e636c75646573206120736f6c69642d73746174652064726976652074686174e280997320626c617a696e6720666173742c20776974682073657175656e7469616c20726561642073706565647320757020746f20332e3247422f732e205468652031352e342d696e6368206d6f64656c20697320617661696c61626c65207769746820757020746f20612035313247422053534420656e6f75676820737061636520666f7220612073696e676c65207573657220746f2074616b65206576656e20796f757220626967676573742070726f6a65637473207769746820796f752c20776974686f757420686176696e6720746f2074616b6520616e2065787465726e616c2064726976652e20416e642069742069732075706772616461626c6520757020746f20325442205353442e20416e6420697473206d656d6f727920697320626f7468206869676820737065656420616e6420706f77657220656666696369656e742e20497420616c6c20776f726b7320746f67657468657220746f2068656c7020796f7520626f6f742075702c206c61756e6368206d756c7469706c652061707073206f7220696d706f727420687567652066696c657320696e206120666c6173682e3c2f7370616e3e3c6272207374796c653d22636f6c6f723a207267622839362c2039362c203936293b2077686974652d73706163653a206e6f726d616c3b223e3c6832207374796c653d22666f6e742d66616d696c793a20526f626f746f2c2048656c7665746963612c20417269616c2c2073616e732d73657269663b20636f6c6f723a2072676228302c20302c2030293b206d617267696e2d746f703a20313770783b206d617267696e2d626f74746f6d3a20382e3570783b20666f6e742d73697a653a20313470783b2077686974652d73706163653a206e6f726d616c3b223e4c697665204120446179204c6f6e673c2f68323e3c6272207374796c653d22636f6c6f723a207267622839362c2039362c203936293b2077686974652d73706163653a206e6f726d616c3b223e3c7370616e207374796c653d22636f6c6f723a207267622839362c2039362c203936293b2077686974652d73706163653a206e6f726d616c3b223e4d6163426f6f6b2050726f207061636b73206d6f726520706572666f726d616e636520696e746f2061207468696e2064657369676e2c20796574207374696c6c2070726f766964657320616c6c2d6461792062617474657279206c69666520757020746f20313020686f75727320666f7220626f7468207468652031332d696e636820616e64203135e28091696e6368206d6f64656c732e20536f20796f75e280997265206672656520746f206b656570207761746368696e672c2067616d696e6720616e642065646974696e672066726f6d20776865726576657220796f75206172652e3c2f7370616e3e3c6272207374796c653d22636f6c6f723a207267622839362c2039362c203936293b2077686974652d73706163653a206e6f726d616c3b223e3c6832207374796c653d22666f6e742d66616d696c793a20526f626f746f2c2048656c7665746963612c20417269616c2c2073616e732d73657269663b20636f6c6f723a2072676228302c20302c2030293b206d617267696e2d746f703a20313770783b206d617267696e2d626f74746f6d3a20382e3570783b20666f6e742d73697a653a20313470783b2077686974652d73706163653a206e6f726d616c3b223e53757065726220436f6f6c696e672053797374656d3c2f68323e3c6272207374796c653d22636f6c6f723a207267622839362c2039362c203936293b2077686974652d73706163653a206e6f726d616c3b223e3c7370616e207374796c653d22636f6c6f723a207267622839362c2039362c203936293b2077686974652d73706163653a206e6f726d616c3b223e546865207468696e6e657220746865206e6f7465626f6f6b2c20746865206c65737320737061636520666f7220636f6f6c696e672e20536f204d6163426f6f6b2050726f20696e636f72706f726174657320696e6e6f766174696f6e73207468726f7567686f7574207468652073797374656d207468617420656666696369656e746c7920656c696d696e61746573206865617420e2809420696e6372656173696e6720616972666c6f7720647572696e6720696e74656e73697665207461736b73206c696b652065646974696e6720766964656f2c20706c6179696e672067726170686963732d68656176792067616d657320616e64207472616e7366657272696e6720687567652066696c65732e3c2f7370616e3e3c6272207374796c653d22636f6c6f723a207267622839362c2039362c203936293b2077686974652d73706163653a206e6f726d616c3b223e3c6272207374796c653d22636f6c6f723a207267622839362c2039362c203936293b2077686974652d73706163653a206e6f726d616c3b223e3c7461626c6520636c6173733d227461626c65207461626c652d626f72646572656422207374796c653d226d617267696e2d746f703a203070783b206d617267696e2d72696768743a203070783b206d617267696e2d6c6566743a203070783b20636f6c6f723a207267622839362c2039362c203936293b2077686974652d73706163653a206e6f726d616c3b206261636b67726f756e642d636f6c6f723a20726762283235352c203235352c20323535293b2070616464696e673a203070783b20626f726465722d636f6c6f723a20726762283232312c203232312c20323231293b20656d7074792d63656c6c733a2073686f773b20666f6e742d73697a653a20313470783b2077696474683a2038333870783b20666f6e742d66616d696c793a204c61746f2c202671756f743b48656c766574696361204e6575652671756f743b2c2048656c7665746963612c20417269616c2c2073616e732d73657269663b206865696768743a203130383970783b223e3c74626f6479207374796c653d226d617267696e3a203070783b2070616464696e673a203070783b223e3c7472207374796c653d226d617267696e3a203070783b2070616464696e673a203070783b223e3c7464207374796c653d226d617267696e3a203070783b206c696e652d6865696768743a20312e34323835373b20626f726465722d636f6c6f723a20726762283232312c203232312c20323231293b223e3c70207374796c653d2270616464696e673a203070783b223e446973706c61793c2f703e3c70207374796c653d2270616464696e673a203070783b223e266e6273703b3c2f703e3c2f74643e3c7464207374796c653d226d617267696e3a203070783b206c696e652d6865696768743a20312e34323835373b20626f726465722d636f6c6f723a20726762283232312c203232312c20323231293b223e3c70207374796c653d2270616464696e673a203070783b223e526574696e6120646973706c61793a2031352e342d696e63682028646961676f6e616c29204c45442d6261636b6c697420646973706c617920776974682049505320746563686e6f6c6f67793b20323838302d62792d31383030206e6174697665207265736f6c7574696f6e2061742032323020706978656c732070657220696e6368207769746820737570706f727420666f72206d696c6c696f6e73206f6620636f6c6f72733b3c2f703e3c70207374796c653d2270616464696e673a203070783b223e353030206e697473206272696768746e6573733b205769646520636f6c6f7220285033293c2f703e3c2f74643e3c2f74723e3c7472207374796c653d226d617267696e3a203070783b2070616464696e673a203070783b223e3c7464207374796c653d226d617267696e3a203070783b206c696e652d6865696768743a20312e34323835373b20626f726465722d636f6c6f723a20726762283232312c203232312c20323231293b223e3c70207374796c653d2270616464696e673a203070783b223e50726f636573736f723c2f703e3c2f74643e3c7464207374796c653d226d617267696e3a203070783b206c696e652d6865696768743a20312e34323835373b20626f726465722d636f6c6f723a20726762283232312c203232312c20323231293b223e3c70207374796c653d2270616464696e673a203070783b223e322e3947487a20717561642d636f726520496e74656c20436f72652069372c20547572626f20426f6f737420757020746f20332e3947487a2c207769746820384d4220736861726564204c332063616368653c2f703e3c70207374796c653d2270616464696e673a203070783b223e436f6e666967757261626c6520746f20332e3147487a20717561642d636f726520496e74656c20436f72652069372c20547572626f20426f6f737420757020746f20342e3147487a2c207769746820384d4220736861726564204c332063616368653c2f703e3c2f74643e3c2f74723e3c7472207374796c653d226d617267696e3a203070783b2070616464696e673a203070783b223e3c7464207374796c653d226d617267696e3a203070783b206c696e652d6865696768743a20312e34323835373b20626f726465722d636f6c6f723a20726762283232312c203232312c20323231293b223e3c70207374796c653d2270616464696e673a203070783b223e53746f726167653c2f703e3c2f74643e3c7464207374796c653d226d617267696e3a203070783b206c696e652d6865696768743a20312e34323835373b20626f726465722d636f6c6f723a20726762283232312c203232312c20323231293b223e3c70207374796c653d2270616464696e673a203070783b223e353132474220504349652d6261736564206f6e626f617264205353443c2f703e3c70207374796c653d2270616464696e673a203070783b223e436f6e666967757261626c6520746f20315442206f7220325442205353443c2f703e3c2f74643e3c2f74723e3c7472207374796c653d226d617267696e3a203070783b2070616464696e673a203070783b223e3c7464207374796c653d226d617267696e3a203070783b206c696e652d6865696768743a20312e34323835373b20626f726465722d636f6c6f723a20726762283232312c203232312c20323231293b223e3c70207374796c653d2270616464696e673a203070783b223e4d656d6f72793c2f703e3c2f74643e3c7464207374796c653d226d617267696e3a203070783b206c696e652d6865696768743a20312e34323835373b20626f726465722d636f6c6f723a20726762283232312c203232312c20323231293b223e3c70207374796c653d2270616464696e673a203070783b223e31364742206f6620323133334d487a204c5044445233206f6e626f617264206d656d6f72793c2f703e3c2f74643e3c2f74723e3c7472207374796c653d226d617267696e3a203070783b2070616464696e673a203070783b223e3c7464207374796c653d226d617267696e3a203070783b206c696e652d6865696768743a20312e34323835373b20626f726465722d636f6c6f723a20726762283232312c203232312c20323231293b223e3c70207374796c653d2270616464696e673a203070783b223e47726170686963733c2f703e3c2f74643e3c7464207374796c653d226d617267696e3a203070783b206c696e652d6865696768743a20312e34323835373b20626f726465722d636f6c6f723a20726762283232312c203232312c20323231293b223e3c70207374796c653d2270616464696e673a203070783b223e526164656f6e2050726f20353630207769746820344742206f66204744445235206d656d6f727920616e64206175746f6d6174696320677261706869637320737769746368696e673c2f703e3c70207374796c653d2270616464696e673a203070783b223e496e74656c204844204772617068696373203633303c2f703e3c2f74643e3c2f74723e3c7472207374796c653d226d617267696e3a203070783b2070616464696e673a203070783b223e3c7464207374796c653d226d617267696e3a203070783b206c696e652d6865696768743a20312e34323835373b20626f726465722d636f6c6f723a20726762283232312c203232312c20323231293b223e3c70207374796c653d2270616464696e673a203070783b223e4368617267696e6720616e6420457870616e73696f6e3c2f703e3c2f74643e3c7464207374796c653d226d617267696e3a203070783b206c696e652d6865696768743a20312e34323835373b20626f726465722d636f6c6f723a20726762283232312c203232312c20323231293b223e3c70207374796c653d2270616464696e673a203070783b223e466f7572205468756e646572626f6c74203320285553422d432920706f727473207769746820737570706f727420666f723a3c2f703e3c70207374796c653d2270616464696e673a203070783b223e4368617267696e673b20446973706c6179506f72743b205468756e646572626f6c742028757020746f2034302047627073293b2055534220332e312047656e20322028757020746f2031302047627073293c2f703e3c2f74643e3c2f74723e3c7472207374796c653d226d617267696e3a203070783b2070616464696e673a203070783b223e3c7464207374796c653d226d617267696e3a203070783b206c696e652d6865696768743a20312e34323835373b20626f726465722d636f6c6f723a20726762283232312c203232312c20323231293b223e3c70207374796c653d2270616464696e673a203070783b223e4b6579626f61726420616e6420547261636b7061643c2f703e3c2f74643e3c7464207374796c653d226d617267696e3a203070783b206c696e652d6865696768743a20312e34323835373b20626f726465722d636f6c6f723a20726762283232312c203232312c20323231293b223e3c70207374796c653d2270616464696e673a203070783b223e46756c6c2d73697a65206261636b6c6974206b6579626f61726420776974683a3c2f703e3c70207374796c653d2270616464696e673a203070783b223e36342028552e532e29206f72203635202849534f29206b65797320696e636c7564696e672034206172726f77206b6579733b3c2f703e3c70207374796c653d2270616464696e673a203070783b223e546f756368266e6273703b426172207769746820696e746567726174656420546f756368266e6273703b49442073656e736f723b3c2f703e3c70207374796c653d2270616464696e673a203070783b223e416d6269656e74206c696768742073656e736f723c2f703e3c2f74643e3c2f74723e3c7472207374796c653d226d617267696e3a203070783b2070616464696e673a203070783b223e3c7464207374796c653d226d617267696e3a203070783b206c696e652d6865696768743a20312e34323835373b20626f726465722d636f6c6f723a20726762283232312c203232312c20323231293b223e3c70207374796c653d2270616464696e673a203070783b223e576972656c6573733c2f703e3c2f74643e3c7464207374796c653d226d617267696e3a203070783b206c696e652d6865696768743a20312e34323835373b20626f726465722d636f6c6f723a20726762283232312c203232312c20323231293b223e3c70207374796c653d2270616464696e673a203070783b223e57692d46693a203830322e313161632057692d466920776972656c657373206e6574776f726b696e673b3c2f703e3c70207374796c653d2270616464696e673a203070783b223e49454545203830322e3131612f622f672f6e20636f6d70617469626c653c2f703e3c70207374796c653d2270616464696e673a203070783b223e426c7565746f6f74683a20426c7565746f6f746820342e3220776972656c65737320746563686e6f6c6f67793c2f703e3c2f74643e3c2f74723e3c7472207374796c653d226d617267696e3a203070783b2070616464696e673a203070783b223e3c7464207374796c653d226d617267696e3a203070783b206c696e652d6865696768743a20312e34323835373b20626f726465722d636f6c6f723a20726762283232312c203232312c20323231293b223e3c70207374796c653d2270616464696e673a203070783b223e43616d6572613c2f703e3c2f74643e3c7464207374796c653d226d617267696e3a203070783b206c696e652d6865696768743a20312e34323835373b20626f726465722d636f6c6f723a20726762283232312c203232312c20323231293b223e3c70207374796c653d2270616464696e673a203070783b223e37323070204661636554696d652048442063616d6572613c2f703e3c2f74643e3c2f74723e3c7472207374796c653d226d617267696e3a203070783b2070616464696e673a203070783b223e3c7464207374796c653d226d617267696e3a203070783b206c696e652d6865696768743a20312e34323835373b20626f726465722d636f6c6f723a20726762283232312c203232312c20323231293b223e3c70207374796c653d2270616464696e673a203070783b223e566964656f20537570706f72743c2f703e3c2f74643e3c7464207374796c653d226d617267696e3a203070783b206c696e652d6865696768743a20312e34323835373b20626f726465722d636f6c6f723a20726762283232312c203232312c20323231293b223e3c70207374796c653d2270616464696e673a203070783b223e557020746f2074776f20646973706c6179207769746820353132302d62792d32383830207265736f6c7574696f6e206174203630487a206174206f76657220612062696c6c696f6e20636f6c6f72733b20557020746f20666f757220646973706c617973207769746820343039362d62792d32333034207265736f6c7574696f6e206174203630487a206174206f76657220612062696c6c696f6e20636f6c6f72733c2f703e3c2f74643e3c2f74723e3c7472207374796c653d226d617267696e3a203070783b2070616464696e673a203070783b223e3c7464207374796c653d226d617267696e3a203070783b206c696e652d6865696768743a20312e34323835373b20626f726465722d636f6c6f723a20726762283232312c203232312c20323231293b223e3c70207374796c653d2270616464696e673a203070783b223e417564696f3c2f703e3c2f74643e3c7464207374796c653d226d617267696e3a203070783b206c696e652d6865696768743a20312e34323835373b20626f726465722d636f6c6f723a20726762283232312c203232312c20323231293b223e3c70207374796c653d2270616464696e673a203070783b223e53746572656f20737065616b657273207769746820686967682064796e616d69632072616e67653c2f703e3c70207374796c653d2270616464696e673a203070783b223e5468726565206d6963726f70686f6e65733b20332e35206d6d206865616470686f6e65206a61636b3c2f703e3c2f74643e3c2f74723e3c7472207374796c653d226d617267696e3a203070783b2070616464696e673a203070783b223e3c7464207374796c653d226d617267696e3a203070783b206c696e652d6865696768743a20312e34323835373b20626f726465722d636f6c6f723a20726762283232312c203232312c20323231293b223e3c70207374796c653d2270616464696e673a203070783b223e4261747465727920616e6420506f7765723c2f703e3c2f74643e3c7464207374796c653d226d617267696e3a203070783b206c696e652d6865696768743a20312e34323835373b20626f726465722d636f6c6f723a20726762283232312c203232312c20323231293b223e3c70207374796c653d2270616464696e673a203070783b223e557020746f20313020686f75727320776972656c657373207765623c2f703e3c70207374796c653d2270616464696e673a203070783b223e557020746f20313020686f757273206954756e6573206d6f76696520706c61796261636b3c2f703e3c70207374796c653d2270616464696e673a203070783b223e557020746f2033302064617973206f66207374616e6462792074696d653c2f703e3c2f74643e3c2f74723e3c7472207374796c653d226d617267696e3a203070783b2070616464696e673a203070783b223e3c7464207374796c653d226d617267696e3a203070783b206c696e652d6865696768743a20312e34323835373b20626f726465722d636f6c6f723a20726762283232312c203232312c20323231293b223e3c70207374796c653d2270616464696e673a203070783b223e53697a6520616e64205765696768743c2f703e3c2f74643e3c7464207374796c653d226d617267696e3a203070783b206c696e652d6865696768743a20312e34323835373b20626f726465722d636f6c6f723a20726762283232312c203232312c20323231293b223e3c70207374796c653d2270616464696e673a203070783b223e302e363122204820782031332e3735222057207820392e34382220443b205765696768743a20312e3833206b673c2f703e3c2f74643e3c2f74723e3c7472207374796c653d226d617267696e3a203070783b2070616464696e673a203070783b223e3c7464207374796c653d226d617267696e3a203070783b206c696e652d6865696768743a20312e34323835373b20626f726465722d636f6c6f723a20726762283232312c203232312c20323231293b223e3c70207374796c653d2270616464696e673a203070783b223e57686174e280997320696e2074686520426f783c2f703e3c2f74643e3c7464207374796c653d226d617267696e3a203070783b206c696e652d6865696768743a20312e34323835373b20626f726465722d636f6c6f723a20726762283232312c203232312c20323231293b223e3c70207374796c653d2270616464696e673a203070783b223e31332d696e6368204d6163426f6f6b2050726f3b20363157205553422d4320506f77657220416461707465723b3c2f703e3c70207374796c653d2270616464696e673a203070783b223e5553422d4320436861726765204361626c65202832206d293c2f703e3c2f74643e3c2f74723e3c2f74626f64793e3c2f7461626c653e3c2f6c693e3c2f756c3e, 0x3c70207374796c653d226d617267696e2d626f74746f6d3a20382e3570783b20636f6c6f723a207267622838352c2038352c203835293b20666f6e742d66616d696c793a20726f626f746f3b20666f6e742d73697a653a20313270783b223e3c7370616e207374796c653d22666f6e742d7765696768743a203730303b223e372044617973205265706c6163656d656e74204f6e6c793c2f7370616e3e3c2f703e3c70207374796c653d226d617267696e2d626f74746f6d3a20382e3570783b20636f6c6f723a207267622838352c2038352c203835293b20666f6e742d66616d696c793a20726f626f746f3b20666f6e742d73697a653a20313270783b223e3c2f703e3c70207374796c653d226d617267696e2d626f74746f6d3a20382e3570783b20636f6c6f723a207267622838352c2038352c203835293b20666f6e742d66616d696c793a20726f626f746f3b20666f6e742d73697a653a20313270783b223e496620796f75722070726f6475637420697320646566656374697665202f2064616d61676564206f7220696620796f75207265636569766520616e20696e636f7272656374202f20696e636f6d706c6574652070726f647563742c207468656e2063616c6c206f757220637573746f6d65722073657276696365206f6e20313634393220746f206c6f672061207265706c6163656d656e7420726571756573742077697468696e20372064617973206f662064656c69766572792e2054686973206974656d20697320656c696769626c6520666f7220612066726565207265706c6163656d656e742c2070726f766964656420746865206578616374206974656d20697320617661696c61626c652077697468207468652073616d652073656c6c65722e204966207468652073616d65206974656d206973206e6f7420617661696c61626c652066726f6d207468652073616d652073656c6c65722c206120726566756e642077696c6c206265206973737565642e3c2f703e3c70207374796c653d226d617267696e2d626f74746f6d3a20382e3570783b20636f6c6f723a207267622838352c2038352c203835293b20666f6e742d66616d696c793a20726f626f746f3b20666f6e742d73697a653a20313270783b223e3c2f703e3c70207374796c653d226d617267696e2d626f74746f6d3a20382e3570783b20636f6c6f723a207267622838352c2038352c203835293b20666f6e742d66616d696c793a20726f626f746f3b20666f6e742d73697a653a20313270783b223e546869732070726f64756374206973206e6f7420656c696769626c6520666f722061207265706c6163656d656e74206966207468652070726f6475637420697320226e6f206c6f6e676572206e6565646564222e20224e6f206c6f6e676572206e656564656422206d65616e73207468617420796f75206e6f206c6f6e676572206861766520612075736520666f72207468652070726f64756374202f20796f752068617665206368616e67656420796f7572206d696e642061626f757420746865207075726368617365202f207468652073697a65206f6620612066617368696f6e2070726f6475637420646f6573206e6f7420666974202f20796f7520646f206e6f74206c696b65207468652070726f64756374206166746572206f70656e696e6720746865207061636b6167652e3c2f703e3c70207374796c653d226d617267696e2d626f74746f6d3a20382e3570783b20636f6c6f723a207267622838352c2038352c203835293b20666f6e742d66616d696c793a20726f626f746f3b20666f6e742d73697a653a20313270783b223e3c2f703e3c6272207374796c653d22636f6c6f723a207267622838352c2038352c203835293b20666f6e742d66616d696c793a20726f626f746f3b20666f6e742d73697a653a20313270783b223e3c70207374796c653d226d617267696e2d626f74746f6d3a20382e3570783b20636f6c6f723a207267622838352c2038352c203835293b20666f6e742d66616d696c793a20726f626f746f3b20666f6e742d73697a653a20313270783b223e3c7370616e207374796c653d22666f6e742d7765696768743a203730303b223e436f6e646974696f6e7320666f722052657475726e733c2f7370616e3e3c2f703e3c6f6c207374796c653d226d617267696e2d626f74746f6d3a20382e3570783b20636f6c6f723a207267622838352c2038352c203835293b20666f6e742d66616d696c793a20726f626f746f3b20666f6e742d73697a653a20313270783b206d617267696e2d6c6566743a202d313870783b223e3c6c693e5468652070726f64756374206d75737420626520756e757365642c20756e776f726e2c20756e77617368656420616e6420776974686f757420616e7920666c6177732e2046617368696f6e2070726f64756374732063616e206265207472696564206f6e20746f2073656520696620746865792066697420616e642077696c6c207374696c6c20626520636f6e7369646572656420756e776f726e2e3c2f6c693e3c6c693e5468652070726f64756374206d75737420696e636c75646520746865206f726967696e616c20746167732c2075736572206d616e75616c2c2077617272616e74792063617264732c20667265656269657320616e64206163636573736f726965732e3c2f6c693e3c6c693e5468652070726f64756374206d7573742062652072657475726e656420696e20746865206f726967696e616c20616e6420756e64616d61676564206d616e756661637475726572207061636b6167696e67202f20626f782e204966207468652070726f64756374207761732064656c69766572656420696e2061207365636f6e64206c61796572206f6620446172617a207061636b6167696e672c206974206d7573742062652072657475726e656420696e207468652073616d6520636f6e646974696f6e20776974682072657475726e207368697070696e67206c6162656c2061747461636865642e20446f206e6f74207075742074617065206f7220737469636b657273206f6e20746865206d616e75666163747572657220626f782e3c2f6c693e3c6c693e4265666f72652072657475726e696e672061206d6f62696c65202f207461626c65742c20746865206465766963652073686f756c6420626520666f726d617474656420616e642073637265656e206c6f636b2073686f756c642062652064697361626c65642e205468652069436c6f7564206163636f756e742073686f756c6420626520756e6c6f636b656420666f72204170706c6520646576696365732e3c2f6c693e3c2f6f6c3e3c70207374796c653d226d617267696e2d626f74746f6d3a20382e3570783b20636f6c6f723a207267622838352c2038352c203835293b20666f6e742d66616d696c793a20726f626f746f3b20666f6e742d73697a653a20313270783b223e496620612070726f647563742069732072657475726e656420746f20757320696e20616e20696e616465717561746520636f6e646974696f6e2c20776520726573657276652074686520726967687420746f2073656e64206974206261636b20746f20796f752e3c2f703e, 0, 0, 0, 57, 1, 0, 0, 0, 0, 0, 1, '2017-11-21 19:53:13', '2019-02-20 19:21:53'),
(9, 3, 6, NULL, 'HP 348 G4 - Core i5', 'hp-348-g4-core-i5', 'WYWOAH2AOQD', 'hp-348-g4-core-i5.jpg', '600', NULL, 19, 0x48502033343820473420e2809320436f7265206935203774682067656e2037323030552d322e353020544f20332e31302047487a20e28093203447422052414d20e28093203154422048444420e280932031342e31e2809d202d204c6170746f70200d0a0d0a5468652048502033343820473420697320746865207065726665637420687962726964206f662064657369676e2c2072656c696162696c6974792c20616e642067726561742066656174757265732e205375706572204c696768742044657369676e2054686f75676820666561747572696e672061207468696e2064657369676e2074686174206d616b657320697420746865207065726665637420636f6d70616e696f6e20617420776f726b206f72206f6e2074686520676f2c20626520726573742061737375726564207468617420746865204850203334382047342063616e206b656570207570207769746820796f75722065766572796461792061737369676e6d656e74732e205468652064757261626c6520636861737369732070726f746563747320746865206e6f7465626f6f6b20736f20697420616c77617973206c6f6f6b732061732070726f66657373696f6e616c20617320796f7520646f2e204869676820446566696e6974696f6e20446973706c6179206d616b657320796f752073656520796f7572206469676974616c20776f726c6420696e20612077686f6c65206e6577207761792e20456e6a6f792076696577696e6720796f7572206d6f7669657320616e642070686f746f73207769746820616d617a696e6720636c6172697479207769746820746869732076697669642031342e312d696e6368206869676820646566696e6974696f6e20646973706c61792e2020537570657220536d6172742050726f636573736f7220416c77617973206f6e20746f70206f66206974732067616d652c2074686520485020333438204734206e6f7465626f6f6b206c6561766573206e6f20726f6f6d20666f7220657863757365732e20497420636f6d657320776974682074686520436f7265206935203774682067656e2037323030552043505520776f726b696e6720617420616e20696d707265737369766520322e353020544f20332e31302047487a2073706565642e20536176652045766572797468696e672053746f726167652e2057686f206b6e65772061206d616368696e65207468697320736c696d20636f756c642073746f726520736f206d7563683f205769746820612031544220686172642064726976652c207361766520726563656e746c792061636365737365642066696c657320666f7220717569636b20616e64206561737920726563616c6c2e2041206c6f6e672d6c617374696e672062617474657279206d65616e73206d6f72652074696d65206f75747369646520616e64206d6f72652074696d65206f6e2074686520676f2e2054686973204850206e6f7465626f6f6b20697320616c6c2061626f75742067657474696e6720746865207065726665637420636f6d62696e6174696f6e206f662064657369676e2c2072656c696162696c6974792c20616e642067726561742066656174757265732e205374796c6520616e642070726f647563746976697479207768696c65206b656570696e6720796f75722077616c6c657420696e206d696e64202d206e6f772074686174277320736f6d657468696e6720746f2067657420657863697465642061626f75742e, 0x48502033343820473420e2809320436f7265206935203774682067656e2037323030552d322e353020544f20332e31302047487a20e28093203447422052414d20e28093203154422048444420e280932031342e31e2809d202d204c6170746f70200d0a0d0a5468652048502033343820473420697320746865207065726665637420687962726964206f662064657369676e2c2072656c696162696c6974792c20616e642067726561742066656174757265732e205375706572204c696768742044657369676e2054686f75676820666561747572696e672061207468696e2064657369676e2074686174206d616b657320697420746865207065726665637420636f6d70616e696f6e20617420776f726b206f72206f6e2074686520676f2c20626520726573742061737375726564207468617420746865204850203334382047342063616e206b656570207570207769746820796f75722065766572796461792061737369676e6d656e74732e205468652064757261626c6520636861737369732070726f746563747320746865206e6f7465626f6f6b20736f20697420616c77617973206c6f6f6b732061732070726f66657373696f6e616c20617320796f7520646f2e204869676820446566696e6974696f6e20446973706c6179206d616b657320796f752073656520796f7572206469676974616c20776f726c6420696e20612077686f6c65206e6577207761792e20456e6a6f792076696577696e6720796f7572206d6f7669657320616e642070686f746f73207769746820616d617a696e6720636c6172697479207769746820746869732076697669642031342e312d696e6368206869676820646566696e6974696f6e20646973706c61792e2020537570657220536d6172742050726f636573736f7220416c77617973206f6e20746f70206f66206974732067616d652c2074686520485020333438204734206e6f7465626f6f6b206c6561766573206e6f20726f6f6d20666f7220657863757365732e20497420636f6d657320776974682074686520436f7265206935203774682067656e2037323030552043505520776f726b696e6720617420616e20696d707265737369766520322e353020544f20332e31302047487a2073706565642e20536176652045766572797468696e672053746f726167652e2057686f206b6e65772061206d616368696e65207468697320736c696d20636f756c642073746f726520736f206d7563683f205769746820612031544220686172642064726976652c207361766520726563656e746c792061636365737365642066696c657320666f7220717569636b20616e64206561737920726563616c6c2e2041206c6f6e672d6c617374696e672062617474657279206d65616e73206d6f72652074696d65206f75747369646520616e64206d6f72652074696d65206f6e2074686520676f2e2054686973204850206e6f7465626f6f6b20697320616c6c2061626f75742067657474696e6720746865207065726665637420636f6d62696e6174696f6e206f662064657369676e2c2072656c696162696c6974792c20616e642067726561742066656174757265732e205374796c6520616e642070726f647563746976697479207768696c65206b656570696e6720796f75722077616c6c657420696e206d696e64202d206e6f772074686174277320736f6d657468696e6720746f2067657420657863697465642061626f75742e, 0, 0, 0, 20, 1, 1, 0, 0, 0, 0, 1, '2017-11-23 01:12:48', '2019-02-20 19:21:53'),
(10, 3, 5, 8, 'Apple MacBook® Pro - 15.4\"', 'apple-macbook-pro-154', 'IVATEDQA7A6', 'apple-macbook-pro-154.jpg', '450', NULL, 37, 0x41626f7574204d6163426f6f6b2050726f2031352e3422204c6170746f700d0a0d0a4120546f756368206f662047656e6975730d0a0d0a0d0a0d0a4974e28099732066617374657220616e64206d6f726520706f77657266756c207468616e206265666f72652c207965742072656d61726b61626c79207468696e6e657220616e64206c6967687465722e2049742068617320746865206272696768746573742c206d6f737420636f6c6f7266756c204d6163206e6f7465626f6f6b20646973706c617920657665722e20416e6420697420696e74726f64756365732074686520546f7563682042617220e280942061204d756c74692d546f75636820656e61626c6564207374726970206f6620676c617373206275696c7420696e746f20746865206b6579626f61726420666f7220696e7374616e742061636365737320746f2074686520746f6f6c7320796f752077616e742c207269676874207768656e20796f752077616e74207468656d2e20546865206e6577204d6163426f6f6b2050726f206973206275696c74206f6e2067726f756e64627265616b696e672069646561732e20416e64206974e280997320726561647920666f7220796f7572732e0d0a0d0a546f7563682042617220616e6420546f75636820494441207265766f6c7574696f6e617279206e65772077617920746f2075736520796f7572204d61632e0d0a54686520546f75636820426172207265706c61636573207468652066756e6374696f6e206b65797320746861742068617665206c6f6e67206f636375706965642074686520746f70206f6620796f7572206b6579626f617264207769746820736f6d657468696e67206d756368206d6f726520766572736174696c6520616e642063617061626c652e32204974206368616e676573206175746f6d61746963616c6c79206261736564206f6e207768617420796f75e28099726520646f696e6720746f2073686f7720796f752072656c6576616e7420746f6f6c7320796f7520616c7265616479206b6e6f7720686f7720746f2075736520e280942073797374656d20636f6e74726f6c73206c696b6520766f6c756d6520616e64206272696768746e6573732c20696e746572616374697665207761797320746f2061646a757374206f722062726f777365207468726f75676820636f6e74656e742c20696e74656c6c6967656e7420747970696e67206665617475726573206c696b6520656d6f6a6920616e64207072656469637469766520746578742c20616e64206d6f72652e20416e6420666f72207468652066697273742074696d652c20546f75636820494420697320617661696c61626c65206f6e2061204d61632c20656e61626c696e6720696e7374616e742061636365737320746f206c6f67696e7320616e6420666173742c20736563757265206f6e6c696e65207075726368617365732077697468204170706c65205061792e0d0a0d0a506572666f726d616e636554686520756c74696d61746520746f6f6c206f662065766572792074726164652e0d0a546865206e6577204d6163426f6f6b2050726f20656c65766174657320746865206e6f7465626f6f6b20746f20612077686f6c65206e6577206c6576656c206f6620706572666f726d616e636520616e6420706f72746162696c6974792e20576865726576657220796f75722069646561732074616b6520796f752c20796f75e280996c6c2067657420746865726520666173746572207468616e206576657220776974682063757474696e672d656467652067726170686963732c20686967682d706572666f726d616e63652070726f636573736f72732c2073746174652d6f662d7468652d6172742073746f726167652c20616e64206d6f72652e200d0a696d6167650d0a0d0a526574696e6120446973706c6179546865206272696768746573742c206d6f737420636f6c6f7266756c204d6163206e6f7465626f6f6b20646973706c617920657665722e0d0a546865206e657720646973706c617920696e20746865204d6163426f6f6b2050726f206973207468652062657374206576657220696e2061204d6163206e6f7465626f6f6b2e204974206665617475726573206272696768746572204c4544206261636b6c69676874696e6720616e6420616e20696e6372656173656420636f6e747261737420726174696f2c2064656c69766572696e672064656570657220626c61636b7320616e64206272696768746572207768697465732e20497473206c617267657220706978656c20617065727475726520616e64207661726961626c6520726566726573682072617465206d616b65206974206d6f726520706f77657220656666696369656e74207468616e2070726576696f75732067656e65726174696f6e732e20416e64206974e280997320746865206669727374204d6163206e6f7465626f6f6b20746f20737570706f7274207769646520636f6c6f722c20666f72206576656e206d6f72652076696272616e7420677265656e7320616e6420726564732e205468697320656e73757265732074727565722d746f2d6c6966652070696374757265732077697468207265616c6973746963616c6c792076697669642064657461696c732c20657373656e7469616c20666f7220677261706869632064657369676e2c20636f6c6f722067726164696e672c20616e642065646974696e672e0d0a0d0a417564696f537065616b657273207468617420737065616b20666f72207468656d73656c7665732e204c6f75646c790d0a0d0a0d0a54686520737065616b6572732068617665206265656e20746f74616c6c7920726564657369676e656420746f2070726f76696465206173206d756368206173207477696365207468652064796e616d69632072616e676520616e6420757020746f2035382070657263656e74206d6f726520766f6c756d652c20776974682074776f20616e6420612068616c662074696d6573206c6f75646572206261737320666f72206d6178696d756d20626f6f6d2e20416e642074686579e28099726520636f6e6e6563746564206469726563746c7920746f2073797374656d20706f7765722c20656e61626c696e6720757020746f2074687265652074696d6573206d6f7265207065616b20706f7765722e20536f2074686579206d616b65204d6163426f6f6b2050726f2074686520706572666563742063686f69636520666f72206d6978696e67206120747261636b206f6e2074686520666c792c2065646974696e6720766964656f206f6e206c6f636174696f6e2c206f7220656e6a6f79696e672061206d6f766965206f6e2074686520676f0d0a4b6579626f61726420616e6420547261636b7061644d6f726520726573706f6e73697665206b6579626f6172642e204d6f726520657870616e7369766520747261636b7061642e0d0a496e746572616374696e67207769746820746865206e6577204d6163426f6f6b2050726f20697320612062657474657220657870657269656e636520616c6c2061726f756e642e20546865206b6579626f61726420686173206265656e20726564657369676e656420746f20696e636c756465206f7572206e65772c207365636f6e642d67656e65726174696f6e20627574746572666c79206d656368616e69736d20e28094206d65746963756c6f75736c7920726566696e656420666f72206772656174657220636f6d666f727420616e6420726573706f6e736976656e6573732e20416e642074686520466f72636520546f75636820747261636b706164206973207369676e69666963616e746c79206c61726765722c20676976696e6720796f75722066696e67657273206d6f726520726f6f6d20746f206765737475726520616e6420636c69636b2e0d0a0d0a6d61634f534974e280997320776879207468657265e2809973206e6f7468696e6720656c7365206c696b652061204d61632e0d0a6d61634f5320697320746865206f7065726174696e672073797374656d207468617420706f77657273206576657279204d61632e204974e280997320656e67696e656572656420746f2074616b652066756c6c20616476616e74616765206f662074686520686172647761726520616e642064657369676e656420746f206265206173206561737920746f207573652061732069742069732062656175746966756c20746f206c6f6f6b2061742e206d61634f5320696e636c7564657320616e20616d617a696e6720636f6c6c656374696f6e206f66206170707320796f75e280996c6c2075736520e2809420616e64206c6f766520e28094206576657279206461792e20497420616c736f2066656174757265732069436c6f756420616e64206f7468657220696e6e6f766174697665207761797320666f7220796f7572204d61632c20694f5320646576696365732c20616e64204170706c6520576174636820746f20776f726b20746f6765746865722e, 0x3c6469763e41626f7574204d6163426f6f6b2050726f2031352e3422204c6170746f703c2f6469763e3c6469763e3c62723e3c2f6469763e3c6469763e4120546f756368206f662047656e6975733c2f6469763e3c6469763e3c62723e3c2f6469763e3c6469763e3c62723e3c2f6469763e3c6469763e3c62723e3c2f6469763e3c6469763e4974e28099732066617374657220616e64206d6f726520706f77657266756c207468616e206265666f72652c207965742072656d61726b61626c79207468696e6e657220616e64206c6967687465722e2049742068617320746865206272696768746573742c206d6f737420636f6c6f7266756c204d6163206e6f7465626f6f6b20646973706c617920657665722e20416e6420697420696e74726f64756365732074686520546f7563682042617220e280942061204d756c74692d546f75636820656e61626c6564207374726970206f6620676c617373206275696c7420696e746f20746865206b6579626f61726420666f7220696e7374616e742061636365737320746f2074686520746f6f6c7320796f752077616e742c207269676874207768656e20796f752077616e74207468656d2e20546865206e6577204d6163426f6f6b2050726f206973206275696c74206f6e2067726f756e64627265616b696e672069646561732e20416e64206974e280997320726561647920666f7220796f7572732e3c2f6469763e3c6469763e3c62723e3c2f6469763e3c6469763e546f7563682042617220616e6420546f75636820494441207265766f6c7574696f6e617279206e65772077617920746f2075736520796f7572204d61632e3c2f6469763e3c6469763e54686520546f75636820426172207265706c61636573207468652066756e6374696f6e206b65797320746861742068617665206c6f6e67206f636375706965642074686520746f70206f6620796f7572206b6579626f617264207769746820736f6d657468696e67206d756368206d6f726520766572736174696c6520616e642063617061626c652e32204974206368616e676573206175746f6d61746963616c6c79206261736564206f6e207768617420796f75e28099726520646f696e6720746f2073686f7720796f752072656c6576616e7420746f6f6c7320796f7520616c7265616479206b6e6f7720686f7720746f2075736520e280942073797374656d20636f6e74726f6c73206c696b6520766f6c756d6520616e64206272696768746e6573732c20696e746572616374697665207761797320746f2061646a757374206f722062726f777365207468726f75676820636f6e74656e742c20696e74656c6c6967656e7420747970696e67206665617475726573206c696b6520656d6f6a6920616e64207072656469637469766520746578742c20616e64206d6f72652e20416e6420666f72207468652066697273742074696d652c20546f75636820494420697320617661696c61626c65206f6e2061204d61632c20656e61626c696e6720696e7374616e742061636365737320746f206c6f67696e7320616e6420666173742c20736563757265206f6e6c696e65207075726368617365732077697468204170706c65205061792e3c2f6469763e3c6469763e3c62723e3c2f6469763e3c6469763e506572666f726d616e636554686520756c74696d61746520746f6f6c206f662065766572792074726164652e3c2f6469763e3c6469763e546865206e6577204d6163426f6f6b2050726f20656c65766174657320746865206e6f7465626f6f6b20746f20612077686f6c65206e6577206c6576656c206f6620706572666f726d616e636520616e6420706f72746162696c6974792e20576865726576657220796f75722069646561732074616b6520796f752c20796f75e280996c6c2067657420746865726520666173746572207468616e206576657220776974682063757474696e672d656467652067726170686963732c20686967682d706572666f726d616e63652070726f636573736f72732c2073746174652d6f662d7468652d6172742073746f726167652c20616e64206d6f72652e266e6273703b3c2f6469763e3c6469763e696d6167653c2f6469763e3c6469763e3c62723e3c2f6469763e3c6469763e526574696e6120446973706c6179546865206272696768746573742c206d6f737420636f6c6f7266756c204d6163206e6f7465626f6f6b20646973706c617920657665722e3c2f6469763e3c6469763e546865206e657720646973706c617920696e20746865204d6163426f6f6b2050726f206973207468652062657374206576657220696e2061204d6163206e6f7465626f6f6b2e204974206665617475726573206272696768746572204c4544206261636b6c69676874696e6720616e6420616e20696e6372656173656420636f6e747261737420726174696f2c2064656c69766572696e672064656570657220626c61636b7320616e64206272696768746572207768697465732e20497473206c617267657220706978656c20617065727475726520616e64207661726961626c6520726566726573682072617465206d616b65206974206d6f726520706f77657220656666696369656e74207468616e2070726576696f75732067656e65726174696f6e732e20416e64206974e280997320746865206669727374204d6163206e6f7465626f6f6b20746f20737570706f7274207769646520636f6c6f722c20666f72206576656e206d6f72652076696272616e7420677265656e7320616e6420726564732e205468697320656e73757265732074727565722d746f2d6c6966652070696374757265732077697468207265616c6973746963616c6c792076697669642064657461696c732c20657373656e7469616c20666f7220677261706869632064657369676e2c20636f6c6f722067726164696e672c20616e642065646974696e672e3c2f6469763e3c6469763e3c62723e3c2f6469763e3c6469763e417564696f537065616b657273207468617420737065616b20666f72207468656d73656c7665732e204c6f75646c793c2f6469763e3c6469763e3c62723e3c2f6469763e3c6469763e3c62723e3c2f6469763e3c6469763e54686520737065616b6572732068617665206265656e20746f74616c6c7920726564657369676e656420746f2070726f76696465206173206d756368206173207477696365207468652064796e616d69632072616e676520616e6420757020746f2035382070657263656e74206d6f726520766f6c756d652c20776974682074776f20616e6420612068616c662074696d6573206c6f75646572206261737320666f72206d6178696d756d20626f6f6d2e20416e642074686579e28099726520636f6e6e6563746564206469726563746c7920746f2073797374656d20706f7765722c20656e61626c696e6720757020746f2074687265652074696d6573206d6f7265207065616b20706f7765722e20536f2074686579206d616b65204d6163426f6f6b2050726f2074686520706572666563742063686f69636520666f72206d6978696e67206120747261636b206f6e2074686520666c792c2065646974696e6720766964656f206f6e206c6f636174696f6e2c206f7220656e6a6f79696e672061206d6f766965206f6e2074686520676f3c2f6469763e3c6469763e4b6579626f61726420616e6420547261636b7061644d6f726520726573706f6e73697665206b6579626f6172642e204d6f726520657870616e7369766520747261636b7061642e3c2f6469763e3c6469763e496e746572616374696e67207769746820746865206e6577204d6163426f6f6b2050726f20697320612062657474657220657870657269656e636520616c6c2061726f756e642e20546865206b6579626f61726420686173206265656e20726564657369676e656420746f20696e636c756465206f7572206e65772c207365636f6e642d67656e65726174696f6e20627574746572666c79206d656368616e69736d20e28094206d65746963756c6f75736c7920726566696e656420666f72206772656174657220636f6d666f727420616e6420726573706f6e736976656e6573732e20416e642074686520466f72636520546f75636820747261636b706164206973207369676e69666963616e746c79206c61726765722c20676976696e6720796f75722066696e67657273206d6f726520726f6f6d20746f206765737475726520616e6420636c69636b2e3c2f6469763e3c6469763e3c62723e3c2f6469763e3c6469763e6d61634f534974e280997320776879207468657265e2809973206e6f7468696e6720656c7365206c696b652061204d61632e3c2f6469763e3c6469763e6d61634f5320697320746865206f7065726174696e672073797374656d207468617420706f77657273206576657279204d61632e204974e280997320656e67696e656572656420746f2074616b652066756c6c20616476616e74616765206f662074686520686172647761726520616e642064657369676e656420746f206265206173206561737920746f207573652061732069742069732062656175746966756c20746f206c6f6f6b2061742e206d61634f5320696e636c7564657320616e20616d617a696e6720636f6c6c656374696f6e206f66206170707320796f75e280996c6c2075736520e2809420616e64206c6f766520e28094206576657279206461792e20497420616c736f2066656174757265732069436c6f756420616e64206f7468657220696e6e6f766174697665207761797320666f7220796f7572204d61632c20694f5320646576696365732c20616e64204170706c6520576174636820746f20776f726b20746f6765746865722e3c2f6469763e3c6469763e3c62723e3c2f6469763e, 0, 0, 0, 12, 1, 1, 0, 0, 0, 2, 1, '2017-11-23 01:20:57', '2019-02-20 19:09:55');
INSERT INTO `products` (`id`, `category_id`, `subcategory_id`, `childcategory_id`, `name`, `slug`, `sku`, `image`, `current_price`, `old_price`, `stock`, `description`, `policy`, `partner_id`, `color_status`, `size_status`, `view`, `featured`, `staff_id`, `provider_id`, `charge`, `rest_amount`, `mood_id`, `status`, `created_at`, `updated_at`) VALUES
(11, 3, 5, 8, 'MacBook Pro 15.4\" Laptop', 'macbook-pro-154-laptop', 'Y4TNMZRL8VK', 'macbook-pro-154-laptop.jpg', '500', NULL, 9, 0x3c6469763e41626f7574204d6163426f6f6b2050726f2031352e3422204c6170746f703c2f6469763e3c6469763e3c62723e3c2f6469763e3c6469763e4120546f756368206f662047656e6975733c2f6469763e3c6469763e3c62723e3c2f6469763e3c6469763e3c62723e3c2f6469763e3c6469763e3c62723e3c2f6469763e3c6469763e4974e28099732066617374657220616e64206d6f726520706f77657266756c207468616e206265666f72652c207965742072656d61726b61626c79207468696e6e657220616e64206c6967687465722e2049742068617320746865206272696768746573742c206d6f737420636f6c6f7266756c204d6163206e6f7465626f6f6b20646973706c617920657665722e20416e6420697420696e74726f64756365732074686520546f7563682042617220e280942061204d756c74692d546f75636820656e61626c6564207374726970206f6620676c617373206275696c7420696e746f20746865206b6579626f61726420666f7220696e7374616e742061636365737320746f2074686520746f6f6c7320796f752077616e742c207269676874207768656e20796f752077616e74207468656d2e20546865206e6577204d6163426f6f6b2050726f206973206275696c74206f6e2067726f756e64627265616b696e672069646561732e20416e64206974e280997320726561647920666f7220796f7572732e3c2f6469763e3c6469763e3c62723e3c2f6469763e3c6469763e546f7563682042617220616e6420546f75636820494441207265766f6c7574696f6e617279206e65772077617920746f2075736520796f7572204d61632e3c2f6469763e3c6469763e54686520546f75636820426172207265706c61636573207468652066756e6374696f6e206b65797320746861742068617665206c6f6e67206f636375706965642074686520746f70206f6620796f7572206b6579626f617264207769746820736f6d657468696e67206d756368206d6f726520766572736174696c6520616e642063617061626c652e32204974206368616e676573206175746f6d61746963616c6c79206261736564206f6e207768617420796f75e28099726520646f696e6720746f2073686f7720796f752072656c6576616e7420746f6f6c7320796f7520616c7265616479206b6e6f7720686f7720746f2075736520e280942073797374656d20636f6e74726f6c73206c696b6520766f6c756d6520616e64206272696768746e6573732c20696e746572616374697665207761797320746f2061646a757374206f722062726f777365207468726f75676820636f6e74656e742c20696e74656c6c6967656e7420747970696e67206665617475726573206c696b6520656d6f6a6920616e64207072656469637469766520746578742c20616e64206d6f72652e20416e6420666f72207468652066697273742074696d652c20546f75636820494420697320617661696c61626c65206f6e2061204d61632c20656e61626c696e6720696e7374616e742061636365737320746f206c6f67696e7320616e6420666173742c20736563757265206f6e6c696e65207075726368617365732077697468204170706c65205061792e3c2f6469763e3c6469763e3c62723e3c2f6469763e3c6469763e506572666f726d616e636554686520756c74696d61746520746f6f6c206f662065766572792074726164652e3c2f6469763e3c6469763e546865206e6577204d6163426f6f6b2050726f20656c65766174657320746865206e6f7465626f6f6b20746f20612077686f6c65206e6577206c6576656c206f6620706572666f726d616e636520616e6420706f72746162696c6974792e20576865726576657220796f75722069646561732074616b6520796f752c20796f75e280996c6c2067657420746865726520666173746572207468616e206576657220776974682063757474696e672d656467652067726170686963732c20686967682d706572666f726d616e63652070726f636573736f72732c2073746174652d6f662d7468652d6172742073746f726167652c20616e64206d6f72652e266e6273703b3c2f6469763e3c6469763e696d6167653c2f6469763e3c6469763e3c62723e3c2f6469763e3c6469763e526574696e6120446973706c6179546865206272696768746573742c206d6f737420636f6c6f7266756c204d6163206e6f7465626f6f6b20646973706c617920657665722e3c2f6469763e3c6469763e546865206e657720646973706c617920696e20746865204d6163426f6f6b2050726f206973207468652062657374206576657220696e2061204d6163206e6f7465626f6f6b2e204974206665617475726573206272696768746572204c4544206261636b6c69676874696e6720616e6420616e20696e6372656173656420636f6e747261737420726174696f2c2064656c69766572696e672064656570657220626c61636b7320616e64206272696768746572207768697465732e20497473206c617267657220706978656c20617065727475726520616e64207661726961626c6520726566726573682072617465206d616b65206974206d6f726520706f77657220656666696369656e74207468616e2070726576696f75732067656e65726174696f6e732e20416e64206974e280997320746865206669727374204d6163206e6f7465626f6f6b20746f20737570706f7274207769646520636f6c6f722c20666f72206576656e206d6f72652076696272616e7420677265656e7320616e6420726564732e205468697320656e73757265732074727565722d746f2d6c6966652070696374757265732077697468207265616c6973746963616c6c792076697669642064657461696c732c20657373656e7469616c20666f7220677261706869632064657369676e2c20636f6c6f722067726164696e672c20616e642065646974696e672e3c2f6469763e3c6469763e3c62723e3c2f6469763e3c6469763e417564696f537065616b657273207468617420737065616b20666f72207468656d73656c7665732e204c6f75646c793c2f6469763e3c6469763e3c62723e3c2f6469763e3c6469763e3c62723e3c2f6469763e3c6469763e54686520737065616b6572732068617665206265656e20746f74616c6c7920726564657369676e656420746f2070726f76696465206173206d756368206173207477696365207468652064796e616d69632072616e676520616e6420757020746f2035382070657263656e74206d6f726520766f6c756d652c20776974682074776f20616e6420612068616c662074696d6573206c6f75646572206261737320666f72206d6178696d756d20626f6f6d2e20416e642074686579e28099726520636f6e6e6563746564206469726563746c7920746f2073797374656d20706f7765722c20656e61626c696e6720757020746f2074687265652074696d6573206d6f7265207065616b20706f7765722e20536f2074686579206d616b65204d6163426f6f6b2050726f2074686520706572666563742063686f69636520666f72206d6978696e67206120747261636b206f6e2074686520666c792c2065646974696e6720766964656f206f6e206c6f636174696f6e2c206f7220656e6a6f79696e672061206d6f766965206f6e2074686520676f3c2f6469763e3c6469763e4b6579626f61726420616e6420547261636b7061644d6f726520726573706f6e73697665206b6579626f6172642e204d6f726520657870616e7369766520747261636b7061642e3c2f6469763e3c6469763e496e746572616374696e67207769746820746865206e6577204d6163426f6f6b2050726f20697320612062657474657220657870657269656e636520616c6c2061726f756e642e20546865206b6579626f61726420686173206265656e20726564657369676e656420746f20696e636c756465206f7572206e65772c207365636f6e642d67656e65726174696f6e20627574746572666c79206d656368616e69736d20e28094206d65746963756c6f75736c7920726566696e656420666f72206772656174657220636f6d666f727420616e6420726573706f6e736976656e6573732e20416e642074686520466f72636520546f75636820747261636b706164206973207369676e69666963616e746c79206c61726765722c20676976696e6720796f75722066696e67657273206d6f726520726f6f6d20746f206765737475726520616e6420636c69636b2e3c2f6469763e3c6469763e3c62723e3c2f6469763e3c6469763e6d61634f534974e280997320776879207468657265e2809973206e6f7468696e6720656c7365206c696b652061204d61632e3c2f6469763e3c6469763e6d61634f5320697320746865206f7065726174696e672073797374656d207468617420706f77657273206576657279204d61632e204974e280997320656e67696e656572656420746f2074616b652066756c6c20616476616e74616765206f662074686520686172647761726520616e642064657369676e656420746f206265206173206561737920746f207573652061732069742069732062656175746966756c20746f206c6f6f6b2061742e206d61634f5320696e636c7564657320616e20616d617a696e6720636f6c6c656374696f6e206f66206170707320796f75e280996c6c2075736520e2809420616e64206c6f766520e28094206576657279206461792e20497420616c736f2066656174757265732069436c6f756420616e64206f7468657220696e6e6f766174697665207761797320666f7220796f7572204d61632c20694f5320646576696365732c20616e64204170706c6520576174636820746f20776f726b20746f6765746865722e3c2f6469763e3c6469763e3c62723e3c2f6469763e, 0x3c6469763e41626f7574204d6163426f6f6b2050726f2031352e3422204c6170746f703c2f6469763e3c6469763e3c62723e3c2f6469763e3c6469763e4120546f756368206f662047656e6975733c2f6469763e3c6469763e3c62723e3c2f6469763e3c6469763e3c62723e3c2f6469763e3c6469763e3c62723e3c2f6469763e3c6469763e4974e28099732066617374657220616e64206d6f726520706f77657266756c207468616e206265666f72652c207965742072656d61726b61626c79207468696e6e657220616e64206c6967687465722e2049742068617320746865206272696768746573742c206d6f737420636f6c6f7266756c204d6163206e6f7465626f6f6b20646973706c617920657665722e20416e6420697420696e74726f64756365732074686520546f7563682042617220e280942061204d756c74692d546f75636820656e61626c6564207374726970206f6620676c617373206275696c7420696e746f20746865206b6579626f61726420666f7220696e7374616e742061636365737320746f2074686520746f6f6c7320796f752077616e742c207269676874207768656e20796f752077616e74207468656d2e20546865206e6577204d6163426f6f6b2050726f206973206275696c74206f6e2067726f756e64627265616b696e672069646561732e20416e64206974e280997320726561647920666f7220796f7572732e3c2f6469763e3c6469763e3c62723e3c2f6469763e3c6469763e546f7563682042617220616e6420546f75636820494441207265766f6c7574696f6e617279206e65772077617920746f2075736520796f7572204d61632e3c2f6469763e3c6469763e54686520546f75636820426172207265706c61636573207468652066756e6374696f6e206b65797320746861742068617665206c6f6e67206f636375706965642074686520746f70206f6620796f7572206b6579626f617264207769746820736f6d657468696e67206d756368206d6f726520766572736174696c6520616e642063617061626c652e32204974206368616e676573206175746f6d61746963616c6c79206261736564206f6e207768617420796f75e28099726520646f696e6720746f2073686f7720796f752072656c6576616e7420746f6f6c7320796f7520616c7265616479206b6e6f7720686f7720746f2075736520e280942073797374656d20636f6e74726f6c73206c696b6520766f6c756d6520616e64206272696768746e6573732c20696e746572616374697665207761797320746f2061646a757374206f722062726f777365207468726f75676820636f6e74656e742c20696e74656c6c6967656e7420747970696e67206665617475726573206c696b6520656d6f6a6920616e64207072656469637469766520746578742c20616e64206d6f72652e20416e6420666f72207468652066697273742074696d652c20546f75636820494420697320617661696c61626c65206f6e2061204d61632c20656e61626c696e6720696e7374616e742061636365737320746f206c6f67696e7320616e6420666173742c20736563757265206f6e6c696e65207075726368617365732077697468204170706c65205061792e3c2f6469763e3c6469763e3c62723e3c2f6469763e3c6469763e506572666f726d616e636554686520756c74696d61746520746f6f6c206f662065766572792074726164652e3c2f6469763e3c6469763e546865206e6577204d6163426f6f6b2050726f20656c65766174657320746865206e6f7465626f6f6b20746f20612077686f6c65206e6577206c6576656c206f6620706572666f726d616e636520616e6420706f72746162696c6974792e20576865726576657220796f75722069646561732074616b6520796f752c20796f75e280996c6c2067657420746865726520666173746572207468616e206576657220776974682063757474696e672d656467652067726170686963732c20686967682d706572666f726d616e63652070726f636573736f72732c2073746174652d6f662d7468652d6172742073746f726167652c20616e64206d6f72652e266e6273703b3c2f6469763e3c6469763e696d6167653c2f6469763e3c6469763e3c62723e3c2f6469763e3c6469763e526574696e6120446973706c6179546865206272696768746573742c206d6f737420636f6c6f7266756c204d6163206e6f7465626f6f6b20646973706c617920657665722e3c2f6469763e3c6469763e546865206e657720646973706c617920696e20746865204d6163426f6f6b2050726f206973207468652062657374206576657220696e2061204d6163206e6f7465626f6f6b2e204974206665617475726573206272696768746572204c4544206261636b6c69676874696e6720616e6420616e20696e6372656173656420636f6e747261737420726174696f2c2064656c69766572696e672064656570657220626c61636b7320616e64206272696768746572207768697465732e20497473206c617267657220706978656c20617065727475726520616e64207661726961626c6520726566726573682072617465206d616b65206974206d6f726520706f77657220656666696369656e74207468616e2070726576696f75732067656e65726174696f6e732e20416e64206974e280997320746865206669727374204d6163206e6f7465626f6f6b20746f20737570706f7274207769646520636f6c6f722c20666f72206576656e206d6f72652076696272616e7420677265656e7320616e6420726564732e205468697320656e73757265732074727565722d746f2d6c6966652070696374757265732077697468207265616c6973746963616c6c792076697669642064657461696c732c20657373656e7469616c20666f7220677261706869632064657369676e2c20636f6c6f722067726164696e672c20616e642065646974696e672e3c2f6469763e3c6469763e3c62723e3c2f6469763e3c6469763e417564696f537065616b657273207468617420737065616b20666f72207468656d73656c7665732e204c6f75646c793c2f6469763e3c6469763e3c62723e3c2f6469763e3c6469763e3c62723e3c2f6469763e3c6469763e54686520737065616b6572732068617665206265656e20746f74616c6c7920726564657369676e656420746f2070726f76696465206173206d756368206173207477696365207468652064796e616d69632072616e676520616e6420757020746f2035382070657263656e74206d6f726520766f6c756d652c20776974682074776f20616e6420612068616c662074696d6573206c6f75646572206261737320666f72206d6178696d756d20626f6f6d2e20416e642074686579e28099726520636f6e6e6563746564206469726563746c7920746f2073797374656d20706f7765722c20656e61626c696e6720757020746f2074687265652074696d6573206d6f7265207065616b20706f7765722e20536f2074686579206d616b65204d6163426f6f6b2050726f2074686520706572666563742063686f69636520666f72206d6978696e67206120747261636b206f6e2074686520666c792c2065646974696e6720766964656f206f6e206c6f636174696f6e2c206f7220656e6a6f79696e672061206d6f766965206f6e2074686520676f3c2f6469763e3c6469763e4b6579626f61726420616e6420547261636b7061644d6f726520726573706f6e73697665206b6579626f6172642e204d6f726520657870616e7369766520747261636b7061642e3c2f6469763e3c6469763e496e746572616374696e67207769746820746865206e6577204d6163426f6f6b2050726f20697320612062657474657220657870657269656e636520616c6c2061726f756e642e20546865206b6579626f61726420686173206265656e20726564657369676e656420746f20696e636c756465206f7572206e65772c207365636f6e642d67656e65726174696f6e20627574746572666c79206d656368616e69736d20e28094206d65746963756c6f75736c7920726566696e656420666f72206772656174657220636f6d666f727420616e6420726573706f6e736976656e6573732e20416e642074686520466f72636520546f75636820747261636b706164206973207369676e69666963616e746c79206c61726765722c20676976696e6720796f75722066696e67657273206d6f726520726f6f6d20746f206765737475726520616e6420636c69636b2e3c2f6469763e3c6469763e3c62723e3c2f6469763e3c6469763e6d61634f534974e280997320776879207468657265e2809973206e6f7468696e6720656c7365206c696b652061204d61632e3c2f6469763e3c6469763e6d61634f5320697320746865206f7065726174696e672073797374656d207468617420706f77657273206576657279204d61632e204974e280997320656e67696e656572656420746f2074616b652066756c6c20616476616e74616765206f662074686520686172647761726520616e642064657369676e656420746f206265206173206561737920746f207573652061732069742069732062656175746966756c20746f206c6f6f6b2061742e206d61634f5320696e636c7564657320616e20616d617a696e6720636f6c6c656374696f6e206f66206170707320796f75e280996c6c2075736520e2809420616e64206c6f766520e28094206576657279206461792e20497420616c736f2066656174757265732069436c6f756420616e64206f7468657220696e6e6f766174697665207761797320666f7220796f7572204d61632c20694f5320646576696365732c20616e64204170706c6520576174636820746f20776f726b20746f6765746865722e3c2f6469763e3c6469763e3c62723e3c2f6469763e, 0, 0, 0, 5, 1, 1, 0, 0, 0, 0, 1, '2017-11-23 01:22:51', '2019-02-20 19:21:53'),
(12, 3, 5, 8, 'Apple Macbook Air', 'apple-macbook-air', 'NAFKUFAN7IE', 'apple-macbook-air.jpg', '550', NULL, 11, 0x3c6469763e41626f7574204d6163426f6f6b2050726f2031352e3422204c6170746f703c2f6469763e3c6469763e3c62723e3c2f6469763e3c6469763e4120546f756368206f662047656e6975733c2f6469763e3c6469763e3c62723e3c2f6469763e3c6469763e3c62723e3c2f6469763e3c6469763e3c62723e3c2f6469763e3c6469763e4974e28099732066617374657220616e64206d6f726520706f77657266756c207468616e206265666f72652c207965742072656d61726b61626c79207468696e6e657220616e64206c6967687465722e2049742068617320746865206272696768746573742c206d6f737420636f6c6f7266756c204d6163206e6f7465626f6f6b20646973706c617920657665722e20416e6420697420696e74726f64756365732074686520546f7563682042617220e280942061204d756c74692d546f75636820656e61626c6564207374726970206f6620676c617373206275696c7420696e746f20746865206b6579626f61726420666f7220696e7374616e742061636365737320746f2074686520746f6f6c7320796f752077616e742c207269676874207768656e20796f752077616e74207468656d2e20546865206e6577204d6163426f6f6b2050726f206973206275696c74206f6e2067726f756e64627265616b696e672069646561732e20416e64206974e280997320726561647920666f7220796f7572732e3c2f6469763e3c6469763e3c62723e3c2f6469763e3c6469763e546f7563682042617220616e6420546f75636820494441207265766f6c7574696f6e617279206e65772077617920746f2075736520796f7572204d61632e3c2f6469763e3c6469763e54686520546f75636820426172207265706c61636573207468652066756e6374696f6e206b65797320746861742068617665206c6f6e67206f636375706965642074686520746f70206f6620796f7572206b6579626f617264207769746820736f6d657468696e67206d756368206d6f726520766572736174696c6520616e642063617061626c652e32204974206368616e676573206175746f6d61746963616c6c79206261736564206f6e207768617420796f75e28099726520646f696e6720746f2073686f7720796f752072656c6576616e7420746f6f6c7320796f7520616c7265616479206b6e6f7720686f7720746f2075736520e280942073797374656d20636f6e74726f6c73206c696b6520766f6c756d6520616e64206272696768746e6573732c20696e746572616374697665207761797320746f2061646a757374206f722062726f777365207468726f75676820636f6e74656e742c20696e74656c6c6967656e7420747970696e67206665617475726573206c696b6520656d6f6a6920616e64207072656469637469766520746578742c20616e64206d6f72652e20416e6420666f72207468652066697273742074696d652c20546f75636820494420697320617661696c61626c65206f6e2061204d61632c20656e61626c696e6720696e7374616e742061636365737320746f206c6f67696e7320616e6420666173742c20736563757265206f6e6c696e65207075726368617365732077697468204170706c65205061792e3c2f6469763e3c6469763e3c62723e3c2f6469763e3c6469763e506572666f726d616e636554686520756c74696d61746520746f6f6c206f662065766572792074726164652e3c2f6469763e3c6469763e546865206e6577204d6163426f6f6b2050726f20656c65766174657320746865206e6f7465626f6f6b20746f20612077686f6c65206e6577206c6576656c206f6620706572666f726d616e636520616e6420706f72746162696c6974792e20576865726576657220796f75722069646561732074616b6520796f752c20796f75e280996c6c2067657420746865726520666173746572207468616e206576657220776974682063757474696e672d656467652067726170686963732c20686967682d706572666f726d616e63652070726f636573736f72732c2073746174652d6f662d7468652d6172742073746f726167652c20616e64206d6f72652e266e6273703b3c2f6469763e3c6469763e696d6167653c2f6469763e3c6469763e3c62723e3c2f6469763e3c6469763e526574696e6120446973706c6179546865206272696768746573742c206d6f737420636f6c6f7266756c204d6163206e6f7465626f6f6b20646973706c617920657665722e3c2f6469763e3c6469763e546865206e657720646973706c617920696e20746865204d6163426f6f6b2050726f206973207468652062657374206576657220696e2061204d6163206e6f7465626f6f6b2e204974206665617475726573206272696768746572204c4544206261636b6c69676874696e6720616e6420616e20696e6372656173656420636f6e747261737420726174696f2c2064656c69766572696e672064656570657220626c61636b7320616e64206272696768746572207768697465732e20497473206c617267657220706978656c20617065727475726520616e64207661726961626c6520726566726573682072617465206d616b65206974206d6f726520706f77657220656666696369656e74207468616e2070726576696f75732067656e65726174696f6e732e20416e64206974e280997320746865206669727374204d6163206e6f7465626f6f6b20746f20737570706f7274207769646520636f6c6f722c20666f72206576656e206d6f72652076696272616e7420677265656e7320616e6420726564732e205468697320656e73757265732074727565722d746f2d6c6966652070696374757265732077697468207265616c6973746963616c6c792076697669642064657461696c732c20657373656e7469616c20666f7220677261706869632064657369676e2c20636f6c6f722067726164696e672c20616e642065646974696e672e3c2f6469763e3c6469763e3c62723e3c2f6469763e3c6469763e417564696f537065616b657273207468617420737065616b20666f72207468656d73656c7665732e204c6f75646c793c2f6469763e3c6469763e3c62723e3c2f6469763e3c6469763e3c62723e3c2f6469763e3c6469763e54686520737065616b6572732068617665206265656e20746f74616c6c7920726564657369676e656420746f2070726f76696465206173206d756368206173207477696365207468652064796e616d69632072616e676520616e6420757020746f2035382070657263656e74206d6f726520766f6c756d652c20776974682074776f20616e6420612068616c662074696d6573206c6f75646572206261737320666f72206d6178696d756d20626f6f6d2e20416e642074686579e28099726520636f6e6e6563746564206469726563746c7920746f2073797374656d20706f7765722c20656e61626c696e6720757020746f2074687265652074696d6573206d6f7265207065616b20706f7765722e20536f2074686579206d616b65204d6163426f6f6b2050726f2074686520706572666563742063686f69636520666f72206d6978696e67206120747261636b206f6e2074686520666c792c2065646974696e6720766964656f206f6e206c6f636174696f6e2c206f7220656e6a6f79696e672061206d6f766965206f6e2074686520676f3c2f6469763e3c6469763e4b6579626f61726420616e6420547261636b7061644d6f726520726573706f6e73697665206b6579626f6172642e204d6f726520657870616e7369766520747261636b7061642e3c2f6469763e3c6469763e496e746572616374696e67207769746820746865206e6577204d6163426f6f6b2050726f20697320612062657474657220657870657269656e636520616c6c2061726f756e642e20546865206b6579626f61726420686173206265656e20726564657369676e656420746f20696e636c756465206f7572206e65772c207365636f6e642d67656e65726174696f6e20627574746572666c79206d656368616e69736d20e28094206d65746963756c6f75736c7920726566696e656420666f72206772656174657220636f6d666f727420616e6420726573706f6e736976656e6573732e20416e642074686520466f72636520546f75636820747261636b706164206973207369676e69666963616e746c79206c61726765722c20676976696e6720796f75722066696e67657273206d6f726520726f6f6d20746f206765737475726520616e6420636c69636b2e3c2f6469763e3c6469763e3c62723e3c2f6469763e3c6469763e6d61634f534974e280997320776879207468657265e2809973206e6f7468696e6720656c7365206c696b652061204d61632e3c2f6469763e3c6469763e6d61634f5320697320746865206f7065726174696e672073797374656d207468617420706f77657273206576657279204d61632e204974e280997320656e67696e656572656420746f2074616b652066756c6c20616476616e74616765206f662074686520686172647761726520616e642064657369676e656420746f206265206173206561737920746f207573652061732069742069732062656175746966756c20746f206c6f6f6b2061742e206d61634f5320696e636c7564657320616e20616d617a696e6720636f6c6c656374696f6e206f66206170707320796f75e280996c6c2075736520e2809420616e64206c6f766520e28094206576657279206461792e20497420616c736f2066656174757265732069436c6f756420616e64206f7468657220696e6e6f766174697665207761797320666f7220796f7572204d61632c20694f5320646576696365732c20616e64204170706c6520576174636820746f20776f726b20746f6765746865722e3c2f6469763e3c6469763e3c62723e3c2f6469763e, 0x3c6469763e41626f7574204d6163426f6f6b2050726f2031352e3422204c6170746f703c2f6469763e3c6469763e3c62723e3c2f6469763e3c6469763e4120546f756368206f662047656e6975733c2f6469763e3c6469763e3c62723e3c2f6469763e3c6469763e3c62723e3c2f6469763e3c6469763e3c62723e3c2f6469763e3c6469763e4974e28099732066617374657220616e64206d6f726520706f77657266756c207468616e206265666f72652c207965742072656d61726b61626c79207468696e6e657220616e64206c6967687465722e2049742068617320746865206272696768746573742c206d6f737420636f6c6f7266756c204d6163206e6f7465626f6f6b20646973706c617920657665722e20416e6420697420696e74726f64756365732074686520546f7563682042617220e280942061204d756c74692d546f75636820656e61626c6564207374726970206f6620676c617373206275696c7420696e746f20746865206b6579626f61726420666f7220696e7374616e742061636365737320746f2074686520746f6f6c7320796f752077616e742c207269676874207768656e20796f752077616e74207468656d2e20546865206e6577204d6163426f6f6b2050726f206973206275696c74206f6e2067726f756e64627265616b696e672069646561732e20416e64206974e280997320726561647920666f7220796f7572732e3c2f6469763e3c6469763e3c62723e3c2f6469763e3c6469763e546f7563682042617220616e6420546f75636820494441207265766f6c7574696f6e617279206e65772077617920746f2075736520796f7572204d61632e3c2f6469763e3c6469763e54686520546f75636820426172207265706c61636573207468652066756e6374696f6e206b65797320746861742068617665206c6f6e67206f636375706965642074686520746f70206f6620796f7572206b6579626f617264207769746820736f6d657468696e67206d756368206d6f726520766572736174696c6520616e642063617061626c652e32204974206368616e676573206175746f6d61746963616c6c79206261736564206f6e207768617420796f75e28099726520646f696e6720746f2073686f7720796f752072656c6576616e7420746f6f6c7320796f7520616c7265616479206b6e6f7720686f7720746f2075736520e280942073797374656d20636f6e74726f6c73206c696b6520766f6c756d6520616e64206272696768746e6573732c20696e746572616374697665207761797320746f2061646a757374206f722062726f777365207468726f75676820636f6e74656e742c20696e74656c6c6967656e7420747970696e67206665617475726573206c696b6520656d6f6a6920616e64207072656469637469766520746578742c20616e64206d6f72652e20416e6420666f72207468652066697273742074696d652c20546f75636820494420697320617661696c61626c65206f6e2061204d61632c20656e61626c696e6720696e7374616e742061636365737320746f206c6f67696e7320616e6420666173742c20736563757265206f6e6c696e65207075726368617365732077697468204170706c65205061792e3c2f6469763e3c6469763e3c62723e3c2f6469763e3c6469763e506572666f726d616e636554686520756c74696d61746520746f6f6c206f662065766572792074726164652e3c2f6469763e3c6469763e546865206e6577204d6163426f6f6b2050726f20656c65766174657320746865206e6f7465626f6f6b20746f20612077686f6c65206e6577206c6576656c206f6620706572666f726d616e636520616e6420706f72746162696c6974792e20576865726576657220796f75722069646561732074616b6520796f752c20796f75e280996c6c2067657420746865726520666173746572207468616e206576657220776974682063757474696e672d656467652067726170686963732c20686967682d706572666f726d616e63652070726f636573736f72732c2073746174652d6f662d7468652d6172742073746f726167652c20616e64206d6f72652e266e6273703b3c2f6469763e3c6469763e696d6167653c2f6469763e3c6469763e3c62723e3c2f6469763e3c6469763e526574696e6120446973706c6179546865206272696768746573742c206d6f737420636f6c6f7266756c204d6163206e6f7465626f6f6b20646973706c617920657665722e3c2f6469763e3c6469763e546865206e657720646973706c617920696e20746865204d6163426f6f6b2050726f206973207468652062657374206576657220696e2061204d6163206e6f7465626f6f6b2e204974206665617475726573206272696768746572204c4544206261636b6c69676874696e6720616e6420616e20696e6372656173656420636f6e747261737420726174696f2c2064656c69766572696e672064656570657220626c61636b7320616e64206272696768746572207768697465732e20497473206c617267657220706978656c20617065727475726520616e64207661726961626c6520726566726573682072617465206d616b65206974206d6f726520706f77657220656666696369656e74207468616e2070726576696f75732067656e65726174696f6e732e20416e64206974e280997320746865206669727374204d6163206e6f7465626f6f6b20746f20737570706f7274207769646520636f6c6f722c20666f72206576656e206d6f72652076696272616e7420677265656e7320616e6420726564732e205468697320656e73757265732074727565722d746f2d6c6966652070696374757265732077697468207265616c6973746963616c6c792076697669642064657461696c732c20657373656e7469616c20666f7220677261706869632064657369676e2c20636f6c6f722067726164696e672c20616e642065646974696e672e3c2f6469763e3c6469763e3c62723e3c2f6469763e3c6469763e417564696f537065616b657273207468617420737065616b20666f72207468656d73656c7665732e204c6f75646c793c2f6469763e3c6469763e3c62723e3c2f6469763e3c6469763e3c62723e3c2f6469763e3c6469763e54686520737065616b6572732068617665206265656e20746f74616c6c7920726564657369676e656420746f2070726f76696465206173206d756368206173207477696365207468652064796e616d69632072616e676520616e6420757020746f2035382070657263656e74206d6f726520766f6c756d652c20776974682074776f20616e6420612068616c662074696d6573206c6f75646572206261737320666f72206d6178696d756d20626f6f6d2e20416e642074686579e28099726520636f6e6e6563746564206469726563746c7920746f2073797374656d20706f7765722c20656e61626c696e6720757020746f2074687265652074696d6573206d6f7265207065616b20706f7765722e20536f2074686579206d616b65204d6163426f6f6b2050726f2074686520706572666563742063686f69636520666f72206d6978696e67206120747261636b206f6e2074686520666c792c2065646974696e6720766964656f206f6e206c6f636174696f6e2c206f7220656e6a6f79696e672061206d6f766965206f6e2074686520676f3c2f6469763e3c6469763e4b6579626f61726420616e6420547261636b7061644d6f726520726573706f6e73697665206b6579626f6172642e204d6f726520657870616e7369766520747261636b7061642e3c2f6469763e3c6469763e496e746572616374696e67207769746820746865206e6577204d6163426f6f6b2050726f20697320612062657474657220657870657269656e636520616c6c2061726f756e642e20546865206b6579626f61726420686173206265656e20726564657369676e656420746f20696e636c756465206f7572206e65772c207365636f6e642d67656e65726174696f6e20627574746572666c79206d656368616e69736d20e28094206d65746963756c6f75736c7920726566696e656420666f72206772656174657220636f6d666f727420616e6420726573706f6e736976656e6573732e20416e642074686520466f72636520546f75636820747261636b706164206973207369676e69666963616e746c79206c61726765722c20676976696e6720796f75722066696e67657273206d6f726520726f6f6d20746f206765737475726520616e6420636c69636b2e3c2f6469763e3c6469763e3c62723e3c2f6469763e3c6469763e6d61634f534974e280997320776879207468657265e2809973206e6f7468696e6720656c7365206c696b652061204d61632e3c2f6469763e3c6469763e6d61634f5320697320746865206f7065726174696e672073797374656d207468617420706f77657273206576657279204d61632e204974e280997320656e67696e656572656420746f2074616b652066756c6c20616476616e74616765206f662074686520686172647761726520616e642064657369676e656420746f206265206173206561737920746f207573652061732069742069732062656175746966756c20746f206c6f6f6b2061742e206d61634f5320696e636c7564657320616e20616d617a696e6720636f6c6c656374696f6e206f66206170707320796f75e280996c6c2075736520e2809420616e64206c6f766520e28094206576657279206461792e20497420616c736f2066656174757265732069436c6f756420616e64206f7468657220696e6e6f766174697665207761797320666f7220796f7572204d61632c20694f5320646576696365732c20616e64204170706c6520576174636820746f20776f726b20746f6765746865722e3c2f6469763e3c6469763e3c62723e3c2f6469763e, 0, 0, 0, 10, 1, 1, 0, 0, 0, 1, 1, '2017-11-23 01:24:39', '2019-02-20 19:21:53'),
(13, 1, 1, 2, 'Apple Apple iPhone 6S', 'apple-apple-iphone-6s', 'ULPADSKJ6V3', 'apple-apple-iphone-6s.jpg', '390', NULL, 20, 0x3c6469763e41626f7574204d6163426f6f6b2050726f2031352e3422204c6170746f703c2f6469763e3c6469763e3c62723e3c2f6469763e3c6469763e4120546f756368206f662047656e6975733c2f6469763e3c6469763e3c62723e3c2f6469763e3c6469763e3c62723e3c2f6469763e3c6469763e3c62723e3c2f6469763e3c6469763e4974e28099732066617374657220616e64206d6f726520706f77657266756c207468616e206265666f72652c207965742072656d61726b61626c79207468696e6e657220616e64206c6967687465722e2049742068617320746865206272696768746573742c206d6f737420636f6c6f7266756c204d6163206e6f7465626f6f6b20646973706c617920657665722e20416e6420697420696e74726f64756365732074686520546f7563682042617220e280942061204d756c74692d546f75636820656e61626c6564207374726970206f6620676c617373206275696c7420696e746f20746865206b6579626f61726420666f7220696e7374616e742061636365737320746f2074686520746f6f6c7320796f752077616e742c207269676874207768656e20796f752077616e74207468656d2e20546865206e6577204d6163426f6f6b2050726f206973206275696c74206f6e2067726f756e64627265616b696e672069646561732e20416e64206974e280997320726561647920666f7220796f7572732e3c2f6469763e3c6469763e3c62723e3c2f6469763e3c6469763e546f7563682042617220616e6420546f75636820494441207265766f6c7574696f6e617279206e65772077617920746f2075736520796f7572204d61632e3c2f6469763e3c6469763e54686520546f75636820426172207265706c61636573207468652066756e6374696f6e206b65797320746861742068617665206c6f6e67206f636375706965642074686520746f70206f6620796f7572206b6579626f617264207769746820736f6d657468696e67206d756368206d6f726520766572736174696c6520616e642063617061626c652e32204974206368616e676573206175746f6d61746963616c6c79206261736564206f6e207768617420796f75e28099726520646f696e6720746f2073686f7720796f752072656c6576616e7420746f6f6c7320796f7520616c7265616479206b6e6f7720686f7720746f2075736520e280942073797374656d20636f6e74726f6c73206c696b6520766f6c756d6520616e64206272696768746e6573732c20696e746572616374697665207761797320746f2061646a757374206f722062726f777365207468726f75676820636f6e74656e742c20696e74656c6c6967656e7420747970696e67206665617475726573206c696b6520656d6f6a6920616e64207072656469637469766520746578742c20616e64206d6f72652e20416e6420666f72207468652066697273742074696d652c20546f75636820494420697320617661696c61626c65206f6e2061204d61632c20656e61626c696e6720696e7374616e742061636365737320746f206c6f67696e7320616e6420666173742c20736563757265206f6e6c696e65207075726368617365732077697468204170706c65205061792e3c2f6469763e3c6469763e3c62723e3c2f6469763e3c6469763e506572666f726d616e636554686520756c74696d61746520746f6f6c206f662065766572792074726164652e3c2f6469763e3c6469763e546865206e6577204d6163426f6f6b2050726f20656c65766174657320746865206e6f7465626f6f6b20746f20612077686f6c65206e6577206c6576656c206f6620706572666f726d616e636520616e6420706f72746162696c6974792e20576865726576657220796f75722069646561732074616b6520796f752c20796f75e280996c6c2067657420746865726520666173746572207468616e206576657220776974682063757474696e672d656467652067726170686963732c20686967682d706572666f726d616e63652070726f636573736f72732c2073746174652d6f662d7468652d6172742073746f726167652c20616e64206d6f72652e266e6273703b3c2f6469763e3c6469763e696d6167653c2f6469763e3c6469763e3c62723e3c2f6469763e3c6469763e526574696e6120446973706c6179546865206272696768746573742c206d6f737420636f6c6f7266756c204d6163206e6f7465626f6f6b20646973706c617920657665722e3c2f6469763e3c6469763e546865206e657720646973706c617920696e20746865204d6163426f6f6b2050726f206973207468652062657374206576657220696e2061204d6163206e6f7465626f6f6b2e204974206665617475726573206272696768746572204c4544206261636b6c69676874696e6720616e6420616e20696e6372656173656420636f6e747261737420726174696f2c2064656c69766572696e672064656570657220626c61636b7320616e64206272696768746572207768697465732e20497473206c617267657220706978656c20617065727475726520616e64207661726961626c6520726566726573682072617465206d616b65206974206d6f726520706f77657220656666696369656e74207468616e2070726576696f75732067656e65726174696f6e732e20416e64206974e280997320746865206669727374204d6163206e6f7465626f6f6b20746f20737570706f7274207769646520636f6c6f722c20666f72206576656e206d6f72652076696272616e7420677265656e7320616e6420726564732e205468697320656e73757265732074727565722d746f2d6c6966652070696374757265732077697468207265616c6973746963616c6c792076697669642064657461696c732c20657373656e7469616c20666f7220677261706869632064657369676e2c20636f6c6f722067726164696e672c20616e642065646974696e672e3c2f6469763e3c6469763e3c62723e3c2f6469763e3c6469763e417564696f537065616b657273207468617420737065616b20666f72207468656d73656c7665732e204c6f75646c793c2f6469763e3c6469763e3c62723e3c2f6469763e3c6469763e3c62723e3c2f6469763e3c6469763e54686520737065616b6572732068617665206265656e20746f74616c6c7920726564657369676e656420746f2070726f76696465206173206d756368206173207477696365207468652064796e616d69632072616e676520616e6420757020746f2035382070657263656e74206d6f726520766f6c756d652c20776974682074776f20616e6420612068616c662074696d6573206c6f75646572206261737320666f72206d6178696d756d20626f6f6d2e20416e642074686579e28099726520636f6e6e6563746564206469726563746c7920746f2073797374656d20706f7765722c20656e61626c696e6720757020746f2074687265652074696d6573206d6f7265207065616b20706f7765722e20536f2074686579206d616b65204d6163426f6f6b2050726f2074686520706572666563742063686f69636520666f72206d6978696e67206120747261636b206f6e2074686520666c792c2065646974696e6720766964656f206f6e206c6f636174696f6e2c206f7220656e6a6f79696e672061206d6f766965206f6e2074686520676f3c2f6469763e3c6469763e4b6579626f61726420616e6420547261636b7061644d6f726520726573706f6e73697665206b6579626f6172642e204d6f726520657870616e7369766520747261636b7061642e3c2f6469763e3c6469763e496e746572616374696e67207769746820746865206e6577204d6163426f6f6b2050726f20697320612062657474657220657870657269656e636520616c6c2061726f756e642e20546865206b6579626f61726420686173206265656e20726564657369676e656420746f20696e636c756465206f7572206e65772c207365636f6e642d67656e65726174696f6e20627574746572666c79206d656368616e69736d20e28094206d65746963756c6f75736c7920726566696e656420666f72206772656174657220636f6d666f727420616e6420726573706f6e736976656e6573732e20416e642074686520466f72636520546f75636820747261636b706164206973207369676e69666963616e746c79206c61726765722c20676976696e6720796f75722066696e67657273206d6f726520726f6f6d20746f206765737475726520616e6420636c69636b2e3c2f6469763e3c6469763e3c62723e3c2f6469763e3c6469763e6d61634f534974e280997320776879207468657265e2809973206e6f7468696e6720656c7365206c696b652061204d61632e3c2f6469763e3c6469763e6d61634f5320697320746865206f7065726174696e672073797374656d207468617420706f77657273206576657279204d61632e204974e280997320656e67696e656572656420746f2074616b652066756c6c20616476616e74616765206f662074686520686172647761726520616e642064657369676e656420746f206265206173206561737920746f207573652061732069742069732062656175746966756c20746f206c6f6f6b2061742e206d61634f5320696e636c7564657320616e20616d617a696e6720636f6c6c656374696f6e206f66206170707320796f75e280996c6c2075736520e2809420616e64206c6f766520e28094206576657279206461792e20497420616c736f2066656174757265732069436c6f756420616e64206f7468657220696e6e6f766174697665207761797320666f7220796f7572204d61632c20694f5320646576696365732c20616e64204170706c6520576174636820746f20776f726b20746f6765746865722e3c2f6469763e3c6469763e3c62723e3c2f6469763e, 0x3c6469763e41626f7574204d6163426f6f6b2050726f2031352e3422204c6170746f703c2f6469763e3c6469763e3c62723e3c2f6469763e3c6469763e4120546f756368206f662047656e6975733c2f6469763e3c6469763e3c62723e3c2f6469763e3c6469763e3c62723e3c2f6469763e3c6469763e3c62723e3c2f6469763e3c6469763e4974e28099732066617374657220616e64206d6f726520706f77657266756c207468616e206265666f72652c207965742072656d61726b61626c79207468696e6e657220616e64206c6967687465722e2049742068617320746865206272696768746573742c206d6f737420636f6c6f7266756c204d6163206e6f7465626f6f6b20646973706c617920657665722e20416e6420697420696e74726f64756365732074686520546f7563682042617220e280942061204d756c74692d546f75636820656e61626c6564207374726970206f6620676c617373206275696c7420696e746f20746865206b6579626f61726420666f7220696e7374616e742061636365737320746f2074686520746f6f6c7320796f752077616e742c207269676874207768656e20796f752077616e74207468656d2e20546865206e6577204d6163426f6f6b2050726f206973206275696c74206f6e2067726f756e64627265616b696e672069646561732e20416e64206974e280997320726561647920666f7220796f7572732e3c2f6469763e3c6469763e3c62723e3c2f6469763e3c6469763e546f7563682042617220616e6420546f75636820494441207265766f6c7574696f6e617279206e65772077617920746f2075736520796f7572204d61632e3c2f6469763e3c6469763e54686520546f75636820426172207265706c61636573207468652066756e6374696f6e206b65797320746861742068617665206c6f6e67206f636375706965642074686520746f70206f6620796f7572206b6579626f617264207769746820736f6d657468696e67206d756368206d6f726520766572736174696c6520616e642063617061626c652e32204974206368616e676573206175746f6d61746963616c6c79206261736564206f6e207768617420796f75e28099726520646f696e6720746f2073686f7720796f752072656c6576616e7420746f6f6c7320796f7520616c7265616479206b6e6f7720686f7720746f2075736520e280942073797374656d20636f6e74726f6c73206c696b6520766f6c756d6520616e64206272696768746e6573732c20696e746572616374697665207761797320746f2061646a757374206f722062726f777365207468726f75676820636f6e74656e742c20696e74656c6c6967656e7420747970696e67206665617475726573206c696b6520656d6f6a6920616e64207072656469637469766520746578742c20616e64206d6f72652e20416e6420666f72207468652066697273742074696d652c20546f75636820494420697320617661696c61626c65206f6e2061204d61632c20656e61626c696e6720696e7374616e742061636365737320746f206c6f67696e7320616e6420666173742c20736563757265206f6e6c696e65207075726368617365732077697468204170706c65205061792e3c2f6469763e3c6469763e3c62723e3c2f6469763e3c6469763e506572666f726d616e636554686520756c74696d61746520746f6f6c206f662065766572792074726164652e3c2f6469763e3c6469763e546865206e6577204d6163426f6f6b2050726f20656c65766174657320746865206e6f7465626f6f6b20746f20612077686f6c65206e6577206c6576656c206f6620706572666f726d616e636520616e6420706f72746162696c6974792e20576865726576657220796f75722069646561732074616b6520796f752c20796f75e280996c6c2067657420746865726520666173746572207468616e206576657220776974682063757474696e672d656467652067726170686963732c20686967682d706572666f726d616e63652070726f636573736f72732c2073746174652d6f662d7468652d6172742073746f726167652c20616e64206d6f72652e266e6273703b3c2f6469763e3c6469763e696d6167653c2f6469763e3c6469763e3c62723e3c2f6469763e3c6469763e526574696e6120446973706c6179546865206272696768746573742c206d6f737420636f6c6f7266756c204d6163206e6f7465626f6f6b20646973706c617920657665722e3c2f6469763e3c6469763e546865206e657720646973706c617920696e20746865204d6163426f6f6b2050726f206973207468652062657374206576657220696e2061204d6163206e6f7465626f6f6b2e204974206665617475726573206272696768746572204c4544206261636b6c69676874696e6720616e6420616e20696e6372656173656420636f6e747261737420726174696f2c2064656c69766572696e672064656570657220626c61636b7320616e64206272696768746572207768697465732e20497473206c617267657220706978656c20617065727475726520616e64207661726961626c6520726566726573682072617465206d616b65206974206d6f726520706f77657220656666696369656e74207468616e2070726576696f75732067656e65726174696f6e732e20416e64206974e280997320746865206669727374204d6163206e6f7465626f6f6b20746f20737570706f7274207769646520636f6c6f722c20666f72206576656e206d6f72652076696272616e7420677265656e7320616e6420726564732e205468697320656e73757265732074727565722d746f2d6c6966652070696374757265732077697468207265616c6973746963616c6c792076697669642064657461696c732c20657373656e7469616c20666f7220677261706869632064657369676e2c20636f6c6f722067726164696e672c20616e642065646974696e672e3c2f6469763e3c6469763e3c62723e3c2f6469763e3c6469763e417564696f537065616b657273207468617420737065616b20666f72207468656d73656c7665732e204c6f75646c793c2f6469763e3c6469763e3c62723e3c2f6469763e3c6469763e3c62723e3c2f6469763e3c6469763e54686520737065616b6572732068617665206265656e20746f74616c6c7920726564657369676e656420746f2070726f76696465206173206d756368206173207477696365207468652064796e616d69632072616e676520616e6420757020746f2035382070657263656e74206d6f726520766f6c756d652c20776974682074776f20616e6420612068616c662074696d6573206c6f75646572206261737320666f72206d6178696d756d20626f6f6d2e20416e642074686579e28099726520636f6e6e6563746564206469726563746c7920746f2073797374656d20706f7765722c20656e61626c696e6720757020746f2074687265652074696d6573206d6f7265207065616b20706f7765722e20536f2074686579206d616b65204d6163426f6f6b2050726f2074686520706572666563742063686f69636520666f72206d6978696e67206120747261636b206f6e2074686520666c792c2065646974696e6720766964656f206f6e206c6f636174696f6e2c206f7220656e6a6f79696e672061206d6f766965206f6e2074686520676f3c2f6469763e3c6469763e4b6579626f61726420616e6420547261636b7061644d6f726520726573706f6e73697665206b6579626f6172642e204d6f726520657870616e7369766520747261636b7061642e3c2f6469763e3c6469763e496e746572616374696e67207769746820746865206e6577204d6163426f6f6b2050726f20697320612062657474657220657870657269656e636520616c6c2061726f756e642e20546865206b6579626f61726420686173206265656e20726564657369676e656420746f20696e636c756465206f7572206e65772c207365636f6e642d67656e65726174696f6e20627574746572666c79206d656368616e69736d20e28094206d65746963756c6f75736c7920726566696e656420666f72206772656174657220636f6d666f727420616e6420726573706f6e736976656e6573732e20416e642074686520466f72636520546f75636820747261636b706164206973207369676e69666963616e746c79206c61726765722c20676976696e6720796f75722066696e67657273206d6f726520726f6f6d20746f206765737475726520616e6420636c69636b2e3c2f6469763e3c6469763e3c62723e3c2f6469763e3c6469763e6d61634f534974e280997320776879207468657265e2809973206e6f7468696e6720656c7365206c696b652061204d61632e3c2f6469763e3c6469763e6d61634f5320697320746865206f7065726174696e672073797374656d207468617420706f77657273206576657279204d61632e204974e280997320656e67696e656572656420746f2074616b652066756c6c20616476616e74616765206f662074686520686172647761726520616e642064657369676e656420746f206265206173206561737920746f207573652061732069742069732062656175746966756c20746f206c6f6f6b2061742e206d61634f5320696e636c7564657320616e20616d617a696e6720636f6c6c656374696f6e206f66206170707320796f75e280996c6c2075736520e2809420616e64206c6f766520e28094206576657279206461792e20497420616c736f2066656174757265732069436c6f756420616e64206f7468657220696e6e6f766174697665207761797320666f7220796f7572204d61632c20694f5320646576696365732c20616e64204170706c6520576174636820746f20776f726b20746f6765746865722e3c2f6469763e3c6469763e3c62723e3c2f6469763e, 0, 0, 0, 32, 1, 1, 0, 0, 0, 0, 1, '2017-11-23 01:29:19', '2019-02-20 19:21:53');
INSERT INTO `products` (`id`, `category_id`, `subcategory_id`, `childcategory_id`, `name`, `slug`, `sku`, `image`, `current_price`, `old_price`, `stock`, `description`, `policy`, `partner_id`, `color_status`, `size_status`, `view`, `featured`, `staff_id`, `provider_id`, `charge`, `rest_amount`, `mood_id`, `status`, `created_at`, `updated_at`) VALUES
(14, 1, 1, 2, 'Ipaky 360 Full Protection Cover', 'ipaky-360-full-protection-cover', 'COG9OCHCP4F', 'ipaky-360-full-protection-cover.jpg', '120', NULL, 50, 0x3c6469763e4974e28099732066617374657220616e64206d6f726520706f77657266756c207468616e206265666f72652c207965742072656d61726b61626c79207468696e6e657220616e64206c6967687465722e2049742068617320746865206272696768746573742c206d6f737420636f6c6f7266756c204d6163206e6f7465626f6f6b20646973706c617920657665722e20416e6420697420696e74726f64756365732074686520546f7563682042617220e280942061204d756c74692d546f75636820656e61626c6564207374726970206f6620676c617373206275696c7420696e746f20746865206b6579626f61726420666f7220696e7374616e742061636365737320746f2074686520746f6f6c7320796f752077616e742c207269676874207768656e20796f752077616e74207468656d2e20546865206e6577204d6163426f6f6b2050726f206973206275696c74206f6e2067726f756e64627265616b696e672069646561732e20416e64206974e280997320726561647920666f7220796f7572732e3c2f6469763e3c6469763e3c62723e3c2f6469763e3c6469763e546f7563682042617220616e6420546f75636820494441207265766f6c7574696f6e617279206e65772077617920746f2075736520796f7572204d61632e3c2f6469763e3c6469763e54686520546f75636820426172207265706c61636573207468652066756e6374696f6e206b65797320746861742068617665206c6f6e67206f636375706965642074686520746f70206f6620796f7572206b6579626f617264207769746820736f6d657468696e67206d756368206d6f726520766572736174696c6520616e642063617061626c652e32204974206368616e676573206175746f6d61746963616c6c79206261736564206f6e207768617420796f75e28099726520646f696e6720746f2073686f7720796f752072656c6576616e7420746f6f6c7320796f7520616c7265616479206b6e6f7720686f7720746f2075736520e280942073797374656d20636f6e74726f6c73206c696b6520766f6c756d6520616e64206272696768746e6573732c20696e746572616374697665207761797320746f2061646a757374206f722062726f777365207468726f75676820636f6e74656e742c20696e74656c6c6967656e7420747970696e67206665617475726573206c696b6520656d6f6a6920616e64207072656469637469766520746578742c20616e64206d6f72652e20416e6420666f72207468652066697273742074696d652c20546f75636820494420697320617661696c61626c65206f6e2061204d61632c20656e61626c696e6720696e7374616e742061636365737320746f206c6f67696e7320616e6420666173742c20736563757265206f6e6c696e65207075726368617365732077697468204170706c65205061792e3c2f6469763e3c6469763e3c62723e3c2f6469763e3c6469763e506572666f726d616e636554686520756c74696d61746520746f6f6c206f662065766572792074726164652e3c2f6469763e3c6469763e546865206e6577204d6163426f6f6b2050726f20656c65766174657320746865206e6f7465626f6f6b20746f20612077686f6c65206e6577206c6576656c206f6620706572666f726d616e636520616e6420706f72746162696c6974792e20576865726576657220796f75722069646561732074616b6520796f752c20796f75e280996c6c2067657420746865726520666173746572207468616e206576657220776974682063757474696e672d656467652067726170686963732c20686967682d706572666f726d616e63652070726f636573736f72732c2073746174652d6f662d7468652d6172742073746f726167652c20616e64206d6f72652e266e6273703b3c2f6469763e3c6469763e696d6167653c2f6469763e3c6469763e3c62723e3c2f6469763e3c6469763e526574696e6120446973706c6179546865206272696768746573742c206d6f737420636f6c6f7266756c204d6163206e6f7465626f6f6b20646973706c617920657665722e3c2f6469763e3c6469763e546865206e657720646973706c617920696e20746865204d6163426f6f6b2050726f206973207468652062657374206576657220696e2061204d6163206e6f7465626f6f6b2e204974206665617475726573206272696768746572204c4544206261636b6c69676874696e6720616e6420616e20696e6372656173656420636f6e747261737420726174696f2c2064656c69766572696e672064656570657220626c61636b7320616e64206272696768746572207768697465732e20497473206c617267657220706978656c20617065727475726520616e64207661726961626c6520726566726573682072617465206d616b65206974206d6f726520706f77657220656666696369656e74207468616e2070726576696f75732067656e65726174696f6e732e20416e64206974e280997320746865206669727374204d6163206e6f7465626f6f6b20746f20737570706f7274207769646520636f6c6f722c20666f72206576656e206d6f72652076696272616e7420677265656e7320616e6420726564732e205468697320656e73757265732074727565722d746f2d6c6966652070696374757265732077697468207265616c6973746963616c6c792076697669642064657461696c732c20657373656e7469616c20666f7220677261706869632064657369676e2c20636f6c6f722067726164696e672c20616e642065646974696e672e3c2f6469763e3c6469763e3c62723e3c2f6469763e3c6469763e417564696f537065616b657273207468617420737065616b20666f72207468656d73656c7665732e204c6f75646c793c2f6469763e3c6469763e3c62723e3c2f6469763e3c6469763e3c62723e3c2f6469763e3c6469763e54686520737065616b6572732068617665206265656e20746f74616c6c7920726564657369676e656420746f2070726f76696465206173206d756368206173207477696365207468652064796e616d69632072616e676520616e6420757020746f2035382070657263656e74206d6f726520766f6c756d652c20776974682074776f20616e6420612068616c662074696d6573206c6f75646572206261737320666f72206d6178696d756d20626f6f6d2e20416e642074686579e28099726520636f6e6e6563746564206469726563746c7920746f2073797374656d20706f7765722c20656e61626c696e6720757020746f2074687265652074696d6573206d6f7265207065616b20706f7765722e20536f2074686579206d616b65204d6163426f6f6b2050726f2074686520706572666563742063686f69636520666f72206d6978696e67206120747261636b206f6e2074686520666c792c2065646974696e6720766964656f206f6e206c6f636174696f6e2c206f7220656e6a6f79696e672061206d6f766965206f6e2074686520676f3c2f6469763e3c6469763e4b6579626f61726420616e6420547261636b7061644d6f726520726573706f6e73697665206b6579626f6172642e204d6f726520657870616e7369766520747261636b7061642e3c2f6469763e3c6469763e496e746572616374696e67207769746820746865206e6577204d6163426f6f6b2050726f20697320612062657474657220657870657269656e636520616c6c2061726f756e642e20546865206b6579626f61726420686173206265656e20726564657369676e656420746f20696e636c756465206f7572206e65772c207365636f6e642d67656e65726174696f6e20627574746572666c79206d656368616e69736d20e28094206d65746963756c6f75736c7920726566696e656420666f72206772656174657220636f6d666f727420616e6420726573706f6e736976656e6573732e20416e642074686520466f72636520546f75636820747261636b706164206973207369676e69666963616e746c79206c61726765722c20676976696e6720796f75722066696e67657273206d6f726520726f6f6d20746f206765737475726520616e6420636c69636b2e3c2f6469763e3c6469763e3c62723e3c2f6469763e3c6469763e6d61634f534974e280997320776879207468657265e2809973206e6f7468696e6720656c7365206c696b652061204d61632e3c2f6469763e, 0x3c6469763e4974e28099732066617374657220616e64206d6f726520706f77657266756c207468616e206265666f72652c207965742072656d61726b61626c79207468696e6e657220616e64206c6967687465722e2049742068617320746865206272696768746573742c206d6f737420636f6c6f7266756c204d6163206e6f7465626f6f6b20646973706c617920657665722e20416e6420697420696e74726f64756365732074686520546f7563682042617220e280942061204d756c74692d546f75636820656e61626c6564207374726970206f6620676c617373206275696c7420696e746f20746865206b6579626f61726420666f7220696e7374616e742061636365737320746f2074686520746f6f6c7320796f752077616e742c207269676874207768656e20796f752077616e74207468656d2e20546865206e6577204d6163426f6f6b2050726f206973206275696c74206f6e2067726f756e64627265616b696e672069646561732e20416e64206974e280997320726561647920666f7220796f7572732e3c2f6469763e3c6469763e3c62723e3c2f6469763e3c6469763e546f7563682042617220616e6420546f75636820494441207265766f6c7574696f6e617279206e65772077617920746f2075736520796f7572204d61632e3c2f6469763e3c6469763e54686520546f75636820426172207265706c61636573207468652066756e6374696f6e206b65797320746861742068617665206c6f6e67206f636375706965642074686520746f70206f6620796f7572206b6579626f617264207769746820736f6d657468696e67206d756368206d6f726520766572736174696c6520616e642063617061626c652e32204974206368616e676573206175746f6d61746963616c6c79206261736564206f6e207768617420796f75e28099726520646f696e6720746f2073686f7720796f752072656c6576616e7420746f6f6c7320796f7520616c7265616479206b6e6f7720686f7720746f2075736520e280942073797374656d20636f6e74726f6c73206c696b6520766f6c756d6520616e64206272696768746e6573732c20696e746572616374697665207761797320746f2061646a757374206f722062726f777365207468726f75676820636f6e74656e742c20696e74656c6c6967656e7420747970696e67206665617475726573206c696b6520656d6f6a6920616e64207072656469637469766520746578742c20616e64206d6f72652e20416e6420666f72207468652066697273742074696d652c20546f75636820494420697320617661696c61626c65206f6e2061204d61632c20656e61626c696e6720696e7374616e742061636365737320746f206c6f67696e7320616e6420666173742c20736563757265206f6e6c696e65207075726368617365732077697468204170706c65205061792e3c2f6469763e3c6469763e3c62723e3c2f6469763e3c6469763e506572666f726d616e636554686520756c74696d61746520746f6f6c206f662065766572792074726164652e3c2f6469763e3c6469763e546865206e6577204d6163426f6f6b2050726f20656c65766174657320746865206e6f7465626f6f6b20746f20612077686f6c65206e6577206c6576656c206f6620706572666f726d616e636520616e6420706f72746162696c6974792e20576865726576657220796f75722069646561732074616b6520796f752c20796f75e280996c6c2067657420746865726520666173746572207468616e206576657220776974682063757474696e672d656467652067726170686963732c20686967682d706572666f726d616e63652070726f636573736f72732c2073746174652d6f662d7468652d6172742073746f726167652c20616e64206d6f72652e266e6273703b3c2f6469763e3c6469763e696d6167653c2f6469763e3c6469763e3c62723e3c2f6469763e3c6469763e526574696e6120446973706c6179546865206272696768746573742c206d6f737420636f6c6f7266756c204d6163206e6f7465626f6f6b20646973706c617920657665722e3c2f6469763e3c6469763e546865206e657720646973706c617920696e20746865204d6163426f6f6b2050726f206973207468652062657374206576657220696e2061204d6163206e6f7465626f6f6b2e204974206665617475726573206272696768746572204c4544206261636b6c69676874696e6720616e6420616e20696e6372656173656420636f6e747261737420726174696f2c2064656c69766572696e672064656570657220626c61636b7320616e64206272696768746572207768697465732e20497473206c617267657220706978656c20617065727475726520616e64207661726961626c6520726566726573682072617465206d616b65206974206d6f726520706f77657220656666696369656e74207468616e2070726576696f75732067656e65726174696f6e732e20416e64206974e280997320746865206669727374204d6163206e6f7465626f6f6b20746f20737570706f7274207769646520636f6c6f722c20666f72206576656e206d6f72652076696272616e7420677265656e7320616e6420726564732e205468697320656e73757265732074727565722d746f2d6c6966652070696374757265732077697468207265616c6973746963616c6c792076697669642064657461696c732c20657373656e7469616c20666f7220677261706869632064657369676e2c20636f6c6f722067726164696e672c20616e642065646974696e672e3c2f6469763e3c6469763e3c62723e3c2f6469763e3c6469763e417564696f537065616b657273207468617420737065616b20666f72207468656d73656c7665732e204c6f75646c793c2f6469763e3c6469763e3c62723e3c2f6469763e3c6469763e3c62723e3c2f6469763e3c6469763e54686520737065616b6572732068617665206265656e20746f74616c6c7920726564657369676e656420746f2070726f76696465206173206d756368206173207477696365207468652064796e616d69632072616e676520616e6420757020746f2035382070657263656e74206d6f726520766f6c756d652c20776974682074776f20616e6420612068616c662074696d6573206c6f75646572206261737320666f72206d6178696d756d20626f6f6d2e20416e642074686579e28099726520636f6e6e6563746564206469726563746c7920746f2073797374656d20706f7765722c20656e61626c696e6720757020746f2074687265652074696d6573206d6f7265207065616b20706f7765722e20536f2074686579206d616b65204d6163426f6f6b2050726f2074686520706572666563742063686f69636520666f72206d6978696e67206120747261636b206f6e2074686520666c792c2065646974696e6720766964656f206f6e206c6f636174696f6e2c206f7220656e6a6f79696e672061206d6f766965206f6e2074686520676f3c2f6469763e3c6469763e4b6579626f61726420616e6420547261636b7061644d6f726520726573706f6e73697665206b6579626f6172642e204d6f726520657870616e7369766520747261636b7061642e3c2f6469763e3c6469763e496e746572616374696e67207769746820746865206e6577204d6163426f6f6b2050726f20697320612062657474657220657870657269656e636520616c6c2061726f756e642e20546865206b6579626f61726420686173206265656e20726564657369676e656420746f20696e636c756465206f7572206e65772c207365636f6e642d67656e65726174696f6e20627574746572666c79206d656368616e69736d20e28094206d65746963756c6f75736c7920726566696e656420666f72206772656174657220636f6d666f727420616e6420726573706f6e736976656e6573732e20416e642074686520466f72636520546f75636820747261636b706164206973207369676e69666963616e746c79206c61726765722c20676976696e6720796f75722066696e67657273206d6f726520726f6f6d20746f206765737475726520616e6420636c69636b2e3c2f6469763e3c6469763e3c62723e3c2f6469763e3c6469763e6d61634f534974e280997320776879207468657265e2809973206e6f7468696e6720656c7365206c696b652061204d61632e3c2f6469763e, 0, 0, 0, 8, 0, 1, 0, 0, 0, 2, 1, '2017-11-23 01:34:07', '2018-02-21 18:54:06'),
(15, 3, 5, 8, 'Apple Macbook Air MJVP2PA', 'apple-macbook-air-mjvp2pa', 'TUQS6GXPZLL', 'apple-macbook-air-mjvp2pa.jpg', '490', NULL, 50, 0x3c6469763e41626f7574204d6163426f6f6b2050726f2031352e3422204c6170746f703c2f6469763e3c6469763e3c62723e3c2f6469763e3c6469763e4120546f756368206f662047656e6975733c2f6469763e3c6469763e3c62723e3c2f6469763e3c6469763e3c62723e3c2f6469763e3c6469763e3c62723e3c2f6469763e3c6469763e4974e28099732066617374657220616e64206d6f726520706f77657266756c207468616e206265666f72652c207965742072656d61726b61626c79207468696e6e657220616e64206c6967687465722e2049742068617320746865206272696768746573742c206d6f737420636f6c6f7266756c204d6163206e6f7465626f6f6b20646973706c617920657665722e20416e6420697420696e74726f64756365732074686520546f7563682042617220e280942061204d756c74692d546f75636820656e61626c6564207374726970206f6620676c617373206275696c7420696e746f20746865206b6579626f61726420666f7220696e7374616e742061636365737320746f2074686520746f6f6c7320796f752077616e742c207269676874207768656e20796f752077616e74207468656d2e20546865206e6577204d6163426f6f6b2050726f206973206275696c74206f6e2067726f756e64627265616b696e672069646561732e20416e64206974e280997320726561647920666f7220796f7572732e3c2f6469763e3c6469763e3c62723e3c2f6469763e3c6469763e546f7563682042617220616e6420546f75636820494441207265766f6c7574696f6e617279206e65772077617920746f2075736520796f7572204d61632e3c2f6469763e3c6469763e54686520546f75636820426172207265706c61636573207468652066756e6374696f6e206b65797320746861742068617665206c6f6e67206f636375706965642074686520746f70206f6620796f7572206b6579626f617264207769746820736f6d657468696e67206d756368206d6f726520766572736174696c6520616e642063617061626c652e32204974206368616e676573206175746f6d61746963616c6c79206261736564206f6e207768617420796f75e28099726520646f696e6720746f2073686f7720796f752072656c6576616e7420746f6f6c7320796f7520616c7265616479206b6e6f7720686f7720746f2075736520e280942073797374656d20636f6e74726f6c73206c696b6520766f6c756d6520616e64206272696768746e6573732c20696e746572616374697665207761797320746f2061646a757374206f722062726f777365207468726f75676820636f6e74656e742c20696e74656c6c6967656e7420747970696e67206665617475726573206c696b6520656d6f6a6920616e64207072656469637469766520746578742c20616e64206d6f72652e20416e6420666f72207468652066697273742074696d652c20546f75636820494420697320617661696c61626c65206f6e2061204d61632c20656e61626c696e6720696e7374616e742061636365737320746f206c6f67696e7320616e6420666173742c20736563757265206f6e6c696e65207075726368617365732077697468204170706c65205061792e3c2f6469763e3c6469763e3c62723e3c2f6469763e3c6469763e506572666f726d616e636554686520756c74696d61746520746f6f6c206f662065766572792074726164652e3c2f6469763e3c6469763e546865206e6577204d6163426f6f6b2050726f20656c65766174657320746865206e6f7465626f6f6b20746f20612077686f6c65206e6577206c6576656c206f6620706572666f726d616e636520616e6420706f72746162696c6974792e20576865726576657220796f75722069646561732074616b6520796f752c20796f75e280996c6c2067657420746865726520666173746572207468616e206576657220776974682063757474696e672d656467652067726170686963732c20686967682d706572666f726d616e63652070726f636573736f72732c2073746174652d6f662d7468652d6172742073746f726167652c20616e64206d6f72652e266e6273703b3c2f6469763e3c6469763e696d6167653c2f6469763e3c6469763e3c62723e3c2f6469763e3c6469763e526574696e6120446973706c6179546865206272696768746573742c206d6f737420636f6c6f7266756c204d6163206e6f7465626f6f6b20646973706c617920657665722e3c2f6469763e3c6469763e546865206e657720646973706c617920696e20746865204d6163426f6f6b2050726f206973207468652062657374206576657220696e2061204d6163206e6f7465626f6f6b2e204974206665617475726573206272696768746572204c4544206261636b6c69676874696e6720616e6420616e20696e6372656173656420636f6e747261737420726174696f2c2064656c69766572696e672064656570657220626c61636b7320616e64206272696768746572207768697465732e20497473206c617267657220706978656c20617065727475726520616e64207661726961626c6520726566726573682072617465206d616b65206974206d6f726520706f77657220656666696369656e74207468616e2070726576696f75732067656e65726174696f6e732e20416e64206974e280997320746865206669727374204d6163206e6f7465626f6f6b20746f20737570706f7274207769646520636f6c6f722c20666f72206576656e206d6f72652076696272616e7420677265656e7320616e6420726564732e205468697320656e73757265732074727565722d746f2d6c6966652070696374757265732077697468207265616c6973746963616c6c792076697669642064657461696c732c20657373656e7469616c20666f7220677261706869632064657369676e2c20636f6c6f722067726164696e672c20616e642065646974696e672e3c2f6469763e3c6469763e3c62723e3c2f6469763e3c6469763e417564696f537065616b657273207468617420737065616b20666f72207468656d73656c7665732e204c6f75646c793c2f6469763e3c6469763e3c62723e3c2f6469763e3c6469763e3c62723e3c2f6469763e3c6469763e54686520737065616b6572732068617665206265656e20746f74616c6c7920726564657369676e656420746f2070726f76696465206173206d756368206173207477696365207468652064796e616d69632072616e676520616e6420757020746f2035382070657263656e74206d6f726520766f6c756d652c20776974682074776f20616e6420612068616c662074696d6573206c6f75646572206261737320666f72206d6178696d756d20626f6f6d2e20416e642074686579e28099726520636f6e6e6563746564206469726563746c7920746f2073797374656d20706f7765722c20656e61626c696e6720757020746f2074687265652074696d6573206d6f7265207065616b20706f7765722e20536f2074686579206d616b65204d6163426f6f6b2050726f2074686520706572666563742063686f69636520666f72206d6978696e67206120747261636b206f6e2074686520666c792c2065646974696e6720766964656f206f6e206c6f636174696f6e2c206f7220656e6a6f79696e672061206d6f766965206f6e2074686520676f3c2f6469763e3c6469763e4b6579626f61726420616e6420547261636b7061644d6f726520726573706f6e73697665206b6579626f6172642e204d6f726520657870616e7369766520747261636b7061642e3c2f6469763e3c6469763e496e746572616374696e67207769746820746865206e6577204d6163426f6f6b2050726f20697320612062657474657220657870657269656e636520616c6c2061726f756e642e20546865206b6579626f61726420686173206265656e20726564657369676e656420746f20696e636c756465206f7572206e65772c207365636f6e642d67656e65726174696f6e20627574746572666c79206d656368616e69736d20e28094206d65746963756c6f75736c7920726566696e656420666f72206772656174657220636f6d666f727420616e6420726573706f6e736976656e6573732e20416e642074686520466f72636520546f75636820747261636b706164206973207369676e69666963616e746c79206c61726765722c20676976696e6720796f75722066696e67657273206d6f726520726f6f6d20746f206765737475726520616e6420636c69636b2e3c2f6469763e3c6469763e3c62723e3c2f6469763e, 0x3c6469763e41626f7574204d6163426f6f6b2050726f2031352e3422204c6170746f703c2f6469763e3c6469763e3c62723e3c2f6469763e3c6469763e4120546f756368206f662047656e6975733c2f6469763e3c6469763e3c62723e3c2f6469763e3c6469763e3c62723e3c2f6469763e3c6469763e3c62723e3c2f6469763e3c6469763e4974e28099732066617374657220616e64206d6f726520706f77657266756c207468616e206265666f72652c207965742072656d61726b61626c79207468696e6e657220616e64206c6967687465722e2049742068617320746865206272696768746573742c206d6f737420636f6c6f7266756c204d6163206e6f7465626f6f6b20646973706c617920657665722e20416e6420697420696e74726f64756365732074686520546f7563682042617220e280942061204d756c74692d546f75636820656e61626c6564207374726970206f6620676c617373206275696c7420696e746f20746865206b6579626f61726420666f7220696e7374616e742061636365737320746f2074686520746f6f6c7320796f752077616e742c207269676874207768656e20796f752077616e74207468656d2e20546865206e6577204d6163426f6f6b2050726f206973206275696c74206f6e2067726f756e64627265616b696e672069646561732e20416e64206974e280997320726561647920666f7220796f7572732e3c2f6469763e3c6469763e3c62723e3c2f6469763e3c6469763e546f7563682042617220616e6420546f75636820494441207265766f6c7574696f6e617279206e65772077617920746f2075736520796f7572204d61632e3c2f6469763e3c6469763e54686520546f75636820426172207265706c61636573207468652066756e6374696f6e206b65797320746861742068617665206c6f6e67206f636375706965642074686520746f70206f6620796f7572206b6579626f617264207769746820736f6d657468696e67206d756368206d6f726520766572736174696c6520616e642063617061626c652e32204974206368616e676573206175746f6d61746963616c6c79206261736564206f6e207768617420796f75e28099726520646f696e6720746f2073686f7720796f752072656c6576616e7420746f6f6c7320796f7520616c7265616479206b6e6f7720686f7720746f2075736520e280942073797374656d20636f6e74726f6c73206c696b6520766f6c756d6520616e64206272696768746e6573732c20696e746572616374697665207761797320746f2061646a757374206f722062726f777365207468726f75676820636f6e74656e742c20696e74656c6c6967656e7420747970696e67206665617475726573206c696b6520656d6f6a6920616e64207072656469637469766520746578742c20616e64206d6f72652e20416e6420666f72207468652066697273742074696d652c20546f75636820494420697320617661696c61626c65206f6e2061204d61632c20656e61626c696e6720696e7374616e742061636365737320746f206c6f67696e7320616e6420666173742c20736563757265206f6e6c696e65207075726368617365732077697468204170706c65205061792e3c2f6469763e3c6469763e3c62723e3c2f6469763e3c6469763e506572666f726d616e636554686520756c74696d61746520746f6f6c206f662065766572792074726164652e3c2f6469763e3c6469763e546865206e6577204d6163426f6f6b2050726f20656c65766174657320746865206e6f7465626f6f6b20746f20612077686f6c65206e6577206c6576656c206f6620706572666f726d616e636520616e6420706f72746162696c6974792e20576865726576657220796f75722069646561732074616b6520796f752c20796f75e280996c6c2067657420746865726520666173746572207468616e206576657220776974682063757474696e672d656467652067726170686963732c20686967682d706572666f726d616e63652070726f636573736f72732c2073746174652d6f662d7468652d6172742073746f726167652c20616e64206d6f72652e266e6273703b3c2f6469763e3c6469763e696d6167653c2f6469763e3c6469763e3c62723e3c2f6469763e3c6469763e526574696e6120446973706c6179546865206272696768746573742c206d6f737420636f6c6f7266756c204d6163206e6f7465626f6f6b20646973706c617920657665722e3c2f6469763e3c6469763e546865206e657720646973706c617920696e20746865204d6163426f6f6b2050726f206973207468652062657374206576657220696e2061204d6163206e6f7465626f6f6b2e204974206665617475726573206272696768746572204c4544206261636b6c69676874696e6720616e6420616e20696e6372656173656420636f6e747261737420726174696f2c2064656c69766572696e672064656570657220626c61636b7320616e64206272696768746572207768697465732e20497473206c617267657220706978656c20617065727475726520616e64207661726961626c6520726566726573682072617465206d616b65206974206d6f726520706f77657220656666696369656e74207468616e2070726576696f75732067656e65726174696f6e732e20416e64206974e280997320746865206669727374204d6163206e6f7465626f6f6b20746f20737570706f7274207769646520636f6c6f722c20666f72206576656e206d6f72652076696272616e7420677265656e7320616e6420726564732e205468697320656e73757265732074727565722d746f2d6c6966652070696374757265732077697468207265616c6973746963616c6c792076697669642064657461696c732c20657373656e7469616c20666f7220677261706869632064657369676e2c20636f6c6f722067726164696e672c20616e642065646974696e672e3c2f6469763e3c6469763e3c62723e3c2f6469763e3c6469763e417564696f537065616b657273207468617420737065616b20666f72207468656d73656c7665732e204c6f75646c793c2f6469763e3c6469763e3c62723e3c2f6469763e3c6469763e3c62723e3c2f6469763e3c6469763e54686520737065616b6572732068617665206265656e20746f74616c6c7920726564657369676e656420746f2070726f76696465206173206d756368206173207477696365207468652064796e616d69632072616e676520616e6420757020746f2035382070657263656e74206d6f726520766f6c756d652c20776974682074776f20616e6420612068616c662074696d6573206c6f75646572206261737320666f72206d6178696d756d20626f6f6d2e20416e642074686579e28099726520636f6e6e6563746564206469726563746c7920746f2073797374656d20706f7765722c20656e61626c696e6720757020746f2074687265652074696d6573206d6f7265207065616b20706f7765722e20536f2074686579206d616b65204d6163426f6f6b2050726f2074686520706572666563742063686f69636520666f72206d6978696e67206120747261636b206f6e2074686520666c792c2065646974696e6720766964656f206f6e206c6f636174696f6e2c206f7220656e6a6f79696e672061206d6f766965206f6e2074686520676f3c2f6469763e3c6469763e4b6579626f61726420616e6420547261636b7061644d6f726520726573706f6e73697665206b6579626f6172642e204d6f726520657870616e7369766520747261636b7061642e3c2f6469763e3c6469763e496e746572616374696e67207769746820746865206e6577204d6163426f6f6b2050726f20697320612062657474657220657870657269656e636520616c6c2061726f756e642e20546865206b6579626f61726420686173206265656e20726564657369676e656420746f20696e636c756465206f7572206e65772c207365636f6e642d67656e65726174696f6e20627574746572666c79206d656368616e69736d20e28094206d65746963756c6f75736c7920726566696e656420666f72206772656174657220636f6d666f727420616e6420726573706f6e736976656e6573732e20416e642074686520466f72636520546f75636820747261636b706164206973207369676e69666963616e746c79206c61726765722c20676976696e6720796f75722066696e67657273206d6f726520726f6f6d20746f206765737475726520616e6420636c69636b2e3c2f6469763e3c6469763e3c62723e3c2f6469763e, 0, 0, 0, 4, 0, 1, 0, 0, 0, 1, 1, '2017-11-23 01:38:22', '2018-03-06 00:46:46'),
(16, 1, 1, 2, 'iPhone 6/6s Plus - Red', 'iphone-66s-plus-red', 'DBPZN7HWHGN', 'iphone-66s-plus-red.jpg', '350', NULL, 50, 0x3c6469763e41626f7574204d6163426f6f6b2050726f2031352e3422204c6170746f703c2f6469763e3c6469763e3c62723e3c2f6469763e3c6469763e4120546f756368206f662047656e6975733c2f6469763e3c6469763e3c62723e3c2f6469763e3c6469763e3c62723e3c2f6469763e3c6469763e3c62723e3c2f6469763e3c6469763e4974e28099732066617374657220616e64206d6f726520706f77657266756c207468616e206265666f72652c207965742072656d61726b61626c79207468696e6e657220616e64206c6967687465722e2049742068617320746865206272696768746573742c206d6f737420636f6c6f7266756c204d6163206e6f7465626f6f6b20646973706c617920657665722e20416e6420697420696e74726f64756365732074686520546f7563682042617220e280942061204d756c74692d546f75636820656e61626c6564207374726970206f6620676c617373206275696c7420696e746f20746865206b6579626f61726420666f7220696e7374616e742061636365737320746f2074686520746f6f6c7320796f752077616e742c207269676874207768656e20796f752077616e74207468656d2e20546865206e6577204d6163426f6f6b2050726f206973206275696c74206f6e2067726f756e64627265616b696e672069646561732e20416e64206974e280997320726561647920666f7220796f7572732e3c2f6469763e3c6469763e3c62723e3c2f6469763e3c6469763e546f7563682042617220616e6420546f75636820494441207265766f6c7574696f6e617279206e65772077617920746f2075736520796f7572204d61632e3c2f6469763e3c6469763e54686520546f75636820426172207265706c61636573207468652066756e6374696f6e206b65797320746861742068617665206c6f6e67206f636375706965642074686520746f70206f6620796f7572206b6579626f617264207769746820736f6d657468696e67206d756368206d6f726520766572736174696c6520616e642063617061626c652e32204974206368616e676573206175746f6d61746963616c6c79206261736564206f6e207768617420796f75e28099726520646f696e6720746f2073686f7720796f752072656c6576616e7420746f6f6c7320796f7520616c7265616479206b6e6f7720686f7720746f2075736520e280942073797374656d20636f6e74726f6c73206c696b6520766f6c756d6520616e64206272696768746e6573732c20696e746572616374697665207761797320746f2061646a757374206f722062726f777365207468726f75676820636f6e74656e742c20696e74656c6c6967656e7420747970696e67206665617475726573206c696b6520656d6f6a6920616e64207072656469637469766520746578742c20616e64206d6f72652e20416e6420666f72207468652066697273742074696d652c20546f75636820494420697320617661696c61626c65206f6e2061204d61632c20656e61626c696e6720696e7374616e742061636365737320746f206c6f67696e7320616e6420666173742c20736563757265206f6e6c696e65207075726368617365732077697468204170706c65205061792e3c2f6469763e3c6469763e3c62723e3c2f6469763e3c6469763e506572666f726d616e636554686520756c74696d61746520746f6f6c206f662065766572792074726164652e3c2f6469763e3c6469763e546865206e6577204d6163426f6f6b2050726f20656c65766174657320746865206e6f7465626f6f6b20746f20612077686f6c65206e6577206c6576656c206f6620706572666f726d616e636520616e6420706f72746162696c6974792e20576865726576657220796f75722069646561732074616b6520796f752c20796f75e280996c6c2067657420746865726520666173746572207468616e206576657220776974682063757474696e672d656467652067726170686963732c20686967682d706572666f726d616e63652070726f636573736f72732c2073746174652d6f662d7468652d6172742073746f726167652c20616e64206d6f72652e266e6273703b3c2f6469763e3c6469763e696d6167653c2f6469763e3c6469763e3c62723e3c2f6469763e3c6469763e526574696e6120446973706c6179546865206272696768746573742c206d6f737420636f6c6f7266756c204d6163206e6f7465626f6f6b20646973706c617920657665722e3c2f6469763e3c6469763e546865206e657720646973706c617920696e20746865204d6163426f6f6b2050726f206973207468652062657374206576657220696e2061204d6163206e6f7465626f6f6b2e204974206665617475726573206272696768746572204c4544206261636b6c69676874696e6720616e6420616e20696e6372656173656420636f6e747261737420726174696f2c2064656c69766572696e672064656570657220626c61636b7320616e64206272696768746572207768697465732e20497473206c617267657220706978656c20617065727475726520616e64207661726961626c6520726566726573682072617465206d616b65206974206d6f726520706f77657220656666696369656e74207468616e2070726576696f75732067656e65726174696f6e732e20416e64206974e280997320746865206669727374204d6163206e6f7465626f6f6b20746f20737570706f7274207769646520636f6c6f722c20666f72206576656e206d6f72652076696272616e7420677265656e7320616e6420726564732e205468697320656e73757265732074727565722d746f2d6c6966652070696374757265732077697468207265616c6973746963616c6c792076697669642064657461696c732c20657373656e7469616c20666f7220677261706869632064657369676e2c20636f6c6f722067726164696e672c20616e642065646974696e672e3c2f6469763e3c6469763e3c62723e3c2f6469763e3c6469763e417564696f537065616b657273207468617420737065616b20666f72207468656d73656c7665732e204c6f75646c793c2f6469763e3c6469763e3c62723e3c2f6469763e3c6469763e3c62723e3c2f6469763e3c6469763e54686520737065616b6572732068617665206265656e20746f74616c6c7920726564657369676e656420746f2070726f76696465206173206d756368206173207477696365207468652064796e616d69632072616e676520616e6420757020746f2035382070657263656e74206d6f726520766f6c756d652c20776974682074776f20616e6420612068616c662074696d6573206c6f75646572206261737320666f72206d6178696d756d20626f6f6d2e20416e642074686579e28099726520636f6e6e6563746564206469726563746c7920746f2073797374656d20706f7765722c20656e61626c696e6720757020746f2074687265652074696d6573206d6f7265207065616b20706f7765722e20536f2074686579206d616b65204d6163426f6f6b2050726f2074686520706572666563742063686f69636520666f72206d6978696e67206120747261636b206f6e2074686520666c792c2065646974696e6720766964656f206f6e206c6f636174696f6e2c206f7220656e6a6f79696e672061206d6f766965206f6e2074686520676f3c2f6469763e3c6469763e4b6579626f61726420616e6420547261636b7061644d6f726520726573706f6e73697665206b6579626f6172642e204d6f726520657870616e7369766520747261636b7061642e3c2f6469763e3c6469763e496e746572616374696e67207769746820746865206e6577204d6163426f6f6b2050726f20697320612062657474657220657870657269656e636520616c6c2061726f756e642e20546865206b6579626f61726420686173206265656e20726564657369676e656420746f20696e636c756465206f7572206e65772c207365636f6e642d67656e65726174696f6e20627574746572666c79206d656368616e69736d20e28094206d65746963756c6f75736c7920726566696e656420666f72206772656174657220636f6d666f727420616e6420726573706f6e736976656e6573732e20416e642074686520466f72636520546f75636820747261636b706164206973207369676e69666963616e746c79206c61726765722c20676976696e6720796f75722066696e67657273206d6f726520726f6f6d20746f206765737475726520616e6420636c69636b2e3c2f6469763e3c6469763e3c62723e3c2f6469763e3c6469763e6d61634f534974e280997320776879207468657265e2809973206e6f7468696e6720656c7365206c696b652061204d61632e3c2f6469763e, 0x3c6469763e41626f7574204d6163426f6f6b2050726f2031352e3422204c6170746f703c2f6469763e3c6469763e3c62723e3c2f6469763e3c6469763e4120546f756368206f662047656e6975733c2f6469763e3c6469763e3c62723e3c2f6469763e3c6469763e3c62723e3c2f6469763e3c6469763e3c62723e3c2f6469763e3c6469763e4974e28099732066617374657220616e64206d6f726520706f77657266756c207468616e206265666f72652c207965742072656d61726b61626c79207468696e6e657220616e64206c6967687465722e2049742068617320746865206272696768746573742c206d6f737420636f6c6f7266756c204d6163206e6f7465626f6f6b20646973706c617920657665722e20416e6420697420696e74726f64756365732074686520546f7563682042617220e280942061204d756c74692d546f75636820656e61626c6564207374726970206f6620676c617373206275696c7420696e746f20746865206b6579626f61726420666f7220696e7374616e742061636365737320746f2074686520746f6f6c7320796f752077616e742c207269676874207768656e20796f752077616e74207468656d2e20546865206e6577204d6163426f6f6b2050726f206973206275696c74206f6e2067726f756e64627265616b696e672069646561732e20416e64206974e280997320726561647920666f7220796f7572732e3c2f6469763e3c6469763e3c62723e3c2f6469763e3c6469763e546f7563682042617220616e6420546f75636820494441207265766f6c7574696f6e617279206e65772077617920746f2075736520796f7572204d61632e3c2f6469763e3c6469763e54686520546f75636820426172207265706c61636573207468652066756e6374696f6e206b65797320746861742068617665206c6f6e67206f636375706965642074686520746f70206f6620796f7572206b6579626f617264207769746820736f6d657468696e67206d756368206d6f726520766572736174696c6520616e642063617061626c652e32204974206368616e676573206175746f6d61746963616c6c79206261736564206f6e207768617420796f75e28099726520646f696e6720746f2073686f7720796f752072656c6576616e7420746f6f6c7320796f7520616c7265616479206b6e6f7720686f7720746f2075736520e280942073797374656d20636f6e74726f6c73206c696b6520766f6c756d6520616e64206272696768746e6573732c20696e746572616374697665207761797320746f2061646a757374206f722062726f777365207468726f75676820636f6e74656e742c20696e74656c6c6967656e7420747970696e67206665617475726573206c696b6520656d6f6a6920616e64207072656469637469766520746578742c20616e64206d6f72652e20416e6420666f72207468652066697273742074696d652c20546f75636820494420697320617661696c61626c65206f6e2061204d61632c20656e61626c696e6720696e7374616e742061636365737320746f206c6f67696e7320616e6420666173742c20736563757265206f6e6c696e65207075726368617365732077697468204170706c65205061792e3c2f6469763e3c6469763e3c62723e3c2f6469763e3c6469763e506572666f726d616e636554686520756c74696d61746520746f6f6c206f662065766572792074726164652e3c2f6469763e3c6469763e546865206e6577204d6163426f6f6b2050726f20656c65766174657320746865206e6f7465626f6f6b20746f20612077686f6c65206e6577206c6576656c206f6620706572666f726d616e636520616e6420706f72746162696c6974792e20576865726576657220796f75722069646561732074616b6520796f752c20796f75e280996c6c2067657420746865726520666173746572207468616e206576657220776974682063757474696e672d656467652067726170686963732c20686967682d706572666f726d616e63652070726f636573736f72732c2073746174652d6f662d7468652d6172742073746f726167652c20616e64206d6f72652e266e6273703b3c2f6469763e3c6469763e696d6167653c2f6469763e3c6469763e3c62723e3c2f6469763e3c6469763e526574696e6120446973706c6179546865206272696768746573742c206d6f737420636f6c6f7266756c204d6163206e6f7465626f6f6b20646973706c617920657665722e3c2f6469763e3c6469763e546865206e657720646973706c617920696e20746865204d6163426f6f6b2050726f206973207468652062657374206576657220696e2061204d6163206e6f7465626f6f6b2e204974206665617475726573206272696768746572204c4544206261636b6c69676874696e6720616e6420616e20696e6372656173656420636f6e747261737420726174696f2c2064656c69766572696e672064656570657220626c61636b7320616e64206272696768746572207768697465732e20497473206c617267657220706978656c20617065727475726520616e64207661726961626c6520726566726573682072617465206d616b65206974206d6f726520706f77657220656666696369656e74207468616e2070726576696f75732067656e65726174696f6e732e20416e64206974e280997320746865206669727374204d6163206e6f7465626f6f6b20746f20737570706f7274207769646520636f6c6f722c20666f72206576656e206d6f72652076696272616e7420677265656e7320616e6420726564732e205468697320656e73757265732074727565722d746f2d6c6966652070696374757265732077697468207265616c6973746963616c6c792076697669642064657461696c732c20657373656e7469616c20666f7220677261706869632064657369676e2c20636f6c6f722067726164696e672c20616e642065646974696e672e3c2f6469763e3c6469763e3c62723e3c2f6469763e3c6469763e417564696f537065616b657273207468617420737065616b20666f72207468656d73656c7665732e204c6f75646c793c2f6469763e3c6469763e3c62723e3c2f6469763e3c6469763e3c62723e3c2f6469763e3c6469763e54686520737065616b6572732068617665206265656e20746f74616c6c7920726564657369676e656420746f2070726f76696465206173206d756368206173207477696365207468652064796e616d69632072616e676520616e6420757020746f2035382070657263656e74206d6f726520766f6c756d652c20776974682074776f20616e6420612068616c662074696d6573206c6f75646572206261737320666f72206d6178696d756d20626f6f6d2e20416e642074686579e28099726520636f6e6e6563746564206469726563746c7920746f2073797374656d20706f7765722c20656e61626c696e6720757020746f2074687265652074696d6573206d6f7265207065616b20706f7765722e20536f2074686579206d616b65204d6163426f6f6b2050726f2074686520706572666563742063686f69636520666f72206d6978696e67206120747261636b206f6e2074686520666c792c2065646974696e6720766964656f206f6e206c6f636174696f6e2c206f7220656e6a6f79696e672061206d6f766965206f6e2074686520676f3c2f6469763e3c6469763e4b6579626f61726420616e6420547261636b7061644d6f726520726573706f6e73697665206b6579626f6172642e204d6f726520657870616e7369766520747261636b7061642e3c2f6469763e3c6469763e496e746572616374696e67207769746820746865206e6577204d6163426f6f6b2050726f20697320612062657474657220657870657269656e636520616c6c2061726f756e642e20546865206b6579626f61726420686173206265656e20726564657369676e656420746f20696e636c756465206f7572206e65772c207365636f6e642d67656e65726174696f6e20627574746572666c79206d656368616e69736d20e28094206d65746963756c6f75736c7920726566696e656420666f72206772656174657220636f6d666f727420616e6420726573706f6e736976656e6573732e20416e642074686520466f72636520546f75636820747261636b706164206973207369676e69666963616e746c79206c61726765722c20676976696e6720796f75722066696e67657273206d6f726520726f6f6d20746f206765737475726520616e6420636c69636b2e3c2f6469763e3c6469763e3c62723e3c2f6469763e3c6469763e6d61634f534974e280997320776879207468657265e2809973206e6f7468696e6720656c7365206c696b652061204d61632e3c2f6469763e, 12, 0, 0, 4, 0, 1, 0, 0, 0, 0, 1, '2017-11-23 01:40:51', '2018-02-27 19:37:01');
INSERT INTO `products` (`id`, `category_id`, `subcategory_id`, `childcategory_id`, `name`, `slug`, `sku`, `image`, `current_price`, `old_price`, `stock`, `description`, `policy`, `partner_id`, `color_status`, `size_status`, `view`, `featured`, `staff_id`, `provider_id`, `charge`, `rest_amount`, `mood_id`, `status`, `created_at`, `updated_at`) VALUES
(17, 1, 1, 1, 'Apple Apple iPhone 6S Plus gray', 'apple-apple-iphone-6s-plus-gray', 'IQ0QHFINJD4', 'apple-apple-iphone-6s-plus-gray.jpg', '380', NULL, 50, 0x3c6469763e41626f7574204d6163426f6f6b2050726f2031352e3422204c6170746f703c2f6469763e3c6469763e3c62723e3c2f6469763e3c6469763e4120546f756368206f662047656e6975733c2f6469763e3c6469763e3c62723e3c2f6469763e3c6469763e3c62723e3c2f6469763e3c6469763e3c62723e3c2f6469763e3c6469763e4974e28099732066617374657220616e64206d6f726520706f77657266756c207468616e206265666f72652c207965742072656d61726b61626c79207468696e6e657220616e64206c6967687465722e2049742068617320746865206272696768746573742c206d6f737420636f6c6f7266756c204d6163206e6f7465626f6f6b20646973706c617920657665722e20416e6420697420696e74726f64756365732074686520546f7563682042617220e280942061204d756c74692d546f75636820656e61626c6564207374726970206f6620676c617373206275696c7420696e746f20746865206b6579626f61726420666f7220696e7374616e742061636365737320746f2074686520746f6f6c7320796f752077616e742c207269676874207768656e20796f752077616e74207468656d2e20546865206e6577204d6163426f6f6b2050726f206973206275696c74206f6e2067726f756e64627265616b696e672069646561732e20416e64206974e280997320726561647920666f7220796f7572732e3c2f6469763e3c6469763e3c62723e3c2f6469763e3c6469763e546f7563682042617220616e6420546f75636820494441207265766f6c7574696f6e617279206e65772077617920746f2075736520796f7572204d61632e3c2f6469763e3c6469763e54686520546f75636820426172207265706c61636573207468652066756e6374696f6e206b65797320746861742068617665206c6f6e67206f636375706965642074686520746f70206f6620796f7572206b6579626f617264207769746820736f6d657468696e67206d756368206d6f726520766572736174696c6520616e642063617061626c652e32204974206368616e676573206175746f6d61746963616c6c79206261736564206f6e207768617420796f75e28099726520646f696e6720746f2073686f7720796f752072656c6576616e7420746f6f6c7320796f7520616c7265616479206b6e6f7720686f7720746f2075736520e280942073797374656d20636f6e74726f6c73206c696b6520766f6c756d6520616e64206272696768746e6573732c20696e746572616374697665207761797320746f2061646a757374206f722062726f777365207468726f75676820636f6e74656e742c20696e74656c6c6967656e7420747970696e67206665617475726573206c696b6520656d6f6a6920616e64207072656469637469766520746578742c20616e64206d6f72652e20416e6420666f72207468652066697273742074696d652c20546f75636820494420697320617661696c61626c65206f6e2061204d61632c20656e61626c696e6720696e7374616e742061636365737320746f206c6f67696e7320616e6420666173742c20736563757265206f6e6c696e65207075726368617365732077697468204170706c65205061792e3c2f6469763e3c6469763e3c62723e3c2f6469763e3c6469763e506572666f726d616e636554686520756c74696d61746520746f6f6c206f662065766572792074726164652e3c2f6469763e3c6469763e546865206e6577204d6163426f6f6b2050726f20656c65766174657320746865206e6f7465626f6f6b20746f20612077686f6c65206e6577206c6576656c206f6620706572666f726d616e636520616e6420706f72746162696c6974792e20576865726576657220796f75722069646561732074616b6520796f752c20796f75e280996c6c2067657420746865726520666173746572207468616e206576657220776974682063757474696e672d656467652067726170686963732c20686967682d706572666f726d616e63652070726f636573736f72732c2073746174652d6f662d7468652d6172742073746f726167652c20616e64206d6f72652e266e6273703b3c2f6469763e3c6469763e696d6167653c2f6469763e3c6469763e3c62723e3c2f6469763e3c6469763e526574696e6120446973706c6179546865206272696768746573742c206d6f737420636f6c6f7266756c204d6163206e6f7465626f6f6b20646973706c617920657665722e3c2f6469763e3c6469763e546865206e657720646973706c617920696e20746865204d6163426f6f6b2050726f206973207468652062657374206576657220696e2061204d6163206e6f7465626f6f6b2e204974206665617475726573206272696768746572204c4544206261636b6c69676874696e6720616e6420616e20696e6372656173656420636f6e747261737420726174696f2c2064656c69766572696e672064656570657220626c61636b7320616e64206272696768746572207768697465732e20497473206c617267657220706978656c20617065727475726520616e64207661726961626c6520726566726573682072617465206d616b65206974206d6f726520706f77657220656666696369656e74207468616e2070726576696f75732067656e65726174696f6e732e20416e64206974e280997320746865206669727374204d6163206e6f7465626f6f6b20746f20737570706f7274207769646520636f6c6f722c20666f72206576656e206d6f72652076696272616e7420677265656e7320616e6420726564732e205468697320656e73757265732074727565722d746f2d6c6966652070696374757265732077697468207265616c6973746963616c6c792076697669642064657461696c732c20657373656e7469616c20666f7220677261706869632064657369676e2c20636f6c6f722067726164696e672c20616e642065646974696e672e3c2f6469763e3c6469763e3c62723e3c2f6469763e3c6469763e417564696f537065616b657273207468617420737065616b20666f72207468656d73656c7665732e204c6f75646c793c2f6469763e3c6469763e3c62723e3c2f6469763e3c6469763e3c62723e3c2f6469763e3c6469763e54686520737065616b6572732068617665206265656e20746f74616c6c7920726564657369676e656420746f2070726f76696465206173206d756368206173207477696365207468652064796e616d69632072616e676520616e6420757020746f2035382070657263656e74206d6f726520766f6c756d652c20776974682074776f20616e6420612068616c662074696d6573206c6f75646572206261737320666f72206d6178696d756d20626f6f6d2e20416e642074686579e28099726520636f6e6e6563746564206469726563746c7920746f2073797374656d20706f7765722c20656e61626c696e6720757020746f2074687265652074696d6573206d6f7265207065616b20706f7765722e20536f2074686579206d616b65204d6163426f6f6b2050726f2074686520706572666563742063686f69636520666f72206d6978696e67206120747261636b206f6e2074686520666c792c2065646974696e6720766964656f206f6e206c6f636174696f6e2c206f7220656e6a6f79696e672061206d6f766965206f6e2074686520676f3c2f6469763e3c6469763e4b6579626f61726420616e6420547261636b7061644d6f726520726573706f6e73697665206b6579626f6172642e204d6f726520657870616e7369766520747261636b7061642e3c2f6469763e3c6469763e496e746572616374696e67207769746820746865206e6577204d6163426f6f6b2050726f20697320612062657474657220657870657269656e636520616c6c2061726f756e642e20546865206b6579626f61726420686173206265656e20726564657369676e656420746f20696e636c756465206f7572206e65772c207365636f6e642d67656e65726174696f6e20627574746572666c79206d656368616e69736d20e28094206d65746963756c6f75736c7920726566696e656420666f72206772656174657220636f6d666f727420616e6420726573706f6e736976656e6573732e20416e642074686520466f72636520546f75636820747261636b706164206973207369676e69666963616e746c79206c61726765722c20676976696e6720796f75722066696e67657273206d6f726520726f6f6d20746f206765737475726520616e6420636c69636b2e3c2f6469763e3c6469763e3c62723e3c2f6469763e3c6469763e6d61634f534974e280997320776879207468657265e2809973206e6f7468696e6720656c7365206c696b652061204d61632e3c2f6469763e, 0x3c6469763e41626f7574204d6163426f6f6b2050726f2031352e3422204c6170746f703c2f6469763e3c6469763e3c62723e3c2f6469763e3c6469763e4120546f756368206f662047656e6975733c2f6469763e3c6469763e3c62723e3c2f6469763e3c6469763e3c62723e3c2f6469763e3c6469763e3c62723e3c2f6469763e3c6469763e4974e28099732066617374657220616e64206d6f726520706f77657266756c207468616e206265666f72652c207965742072656d61726b61626c79207468696e6e657220616e64206c6967687465722e2049742068617320746865206272696768746573742c206d6f737420636f6c6f7266756c204d6163206e6f7465626f6f6b20646973706c617920657665722e20416e6420697420696e74726f64756365732074686520546f7563682042617220e280942061204d756c74692d546f75636820656e61626c6564207374726970206f6620676c617373206275696c7420696e746f20746865206b6579626f61726420666f7220696e7374616e742061636365737320746f2074686520746f6f6c7320796f752077616e742c207269676874207768656e20796f752077616e74207468656d2e20546865206e6577204d6163426f6f6b2050726f206973206275696c74206f6e2067726f756e64627265616b696e672069646561732e20416e64206974e280997320726561647920666f7220796f7572732e3c2f6469763e3c6469763e3c62723e3c2f6469763e3c6469763e546f7563682042617220616e6420546f75636820494441207265766f6c7574696f6e617279206e65772077617920746f2075736520796f7572204d61632e3c2f6469763e3c6469763e54686520546f75636820426172207265706c61636573207468652066756e6374696f6e206b65797320746861742068617665206c6f6e67206f636375706965642074686520746f70206f6620796f7572206b6579626f617264207769746820736f6d657468696e67206d756368206d6f726520766572736174696c6520616e642063617061626c652e32204974206368616e676573206175746f6d61746963616c6c79206261736564206f6e207768617420796f75e28099726520646f696e6720746f2073686f7720796f752072656c6576616e7420746f6f6c7320796f7520616c7265616479206b6e6f7720686f7720746f2075736520e280942073797374656d20636f6e74726f6c73206c696b6520766f6c756d6520616e64206272696768746e6573732c20696e746572616374697665207761797320746f2061646a757374206f722062726f777365207468726f75676820636f6e74656e742c20696e74656c6c6967656e7420747970696e67206665617475726573206c696b6520656d6f6a6920616e64207072656469637469766520746578742c20616e64206d6f72652e20416e6420666f72207468652066697273742074696d652c20546f75636820494420697320617661696c61626c65206f6e2061204d61632c20656e61626c696e6720696e7374616e742061636365737320746f206c6f67696e7320616e6420666173742c20736563757265206f6e6c696e65207075726368617365732077697468204170706c65205061792e3c2f6469763e3c6469763e3c62723e3c2f6469763e3c6469763e506572666f726d616e636554686520756c74696d61746520746f6f6c206f662065766572792074726164652e3c2f6469763e3c6469763e546865206e6577204d6163426f6f6b2050726f20656c65766174657320746865206e6f7465626f6f6b20746f20612077686f6c65206e6577206c6576656c206f6620706572666f726d616e636520616e6420706f72746162696c6974792e20576865726576657220796f75722069646561732074616b6520796f752c20796f75e280996c6c2067657420746865726520666173746572207468616e206576657220776974682063757474696e672d656467652067726170686963732c20686967682d706572666f726d616e63652070726f636573736f72732c2073746174652d6f662d7468652d6172742073746f726167652c20616e64206d6f72652e266e6273703b3c2f6469763e3c6469763e696d6167653c2f6469763e3c6469763e3c62723e3c2f6469763e3c6469763e526574696e6120446973706c6179546865206272696768746573742c206d6f737420636f6c6f7266756c204d6163206e6f7465626f6f6b20646973706c617920657665722e3c2f6469763e3c6469763e546865206e657720646973706c617920696e20746865204d6163426f6f6b2050726f206973207468652062657374206576657220696e2061204d6163206e6f7465626f6f6b2e204974206665617475726573206272696768746572204c4544206261636b6c69676874696e6720616e6420616e20696e6372656173656420636f6e747261737420726174696f2c2064656c69766572696e672064656570657220626c61636b7320616e64206272696768746572207768697465732e20497473206c617267657220706978656c20617065727475726520616e64207661726961626c6520726566726573682072617465206d616b65206974206d6f726520706f77657220656666696369656e74207468616e2070726576696f75732067656e65726174696f6e732e20416e64206974e280997320746865206669727374204d6163206e6f7465626f6f6b20746f20737570706f7274207769646520636f6c6f722c20666f72206576656e206d6f72652076696272616e7420677265656e7320616e6420726564732e205468697320656e73757265732074727565722d746f2d6c6966652070696374757265732077697468207265616c6973746963616c6c792076697669642064657461696c732c20657373656e7469616c20666f7220677261706869632064657369676e2c20636f6c6f722067726164696e672c20616e642065646974696e672e3c2f6469763e3c6469763e3c62723e3c2f6469763e3c6469763e417564696f537065616b657273207468617420737065616b20666f72207468656d73656c7665732e204c6f75646c793c2f6469763e3c6469763e3c62723e3c2f6469763e3c6469763e3c62723e3c2f6469763e3c6469763e54686520737065616b6572732068617665206265656e20746f74616c6c7920726564657369676e656420746f2070726f76696465206173206d756368206173207477696365207468652064796e616d69632072616e676520616e6420757020746f2035382070657263656e74206d6f726520766f6c756d652c20776974682074776f20616e6420612068616c662074696d6573206c6f75646572206261737320666f72206d6178696d756d20626f6f6d2e20416e642074686579e28099726520636f6e6e6563746564206469726563746c7920746f2073797374656d20706f7765722c20656e61626c696e6720757020746f2074687265652074696d6573206d6f7265207065616b20706f7765722e20536f2074686579206d616b65204d6163426f6f6b2050726f2074686520706572666563742063686f69636520666f72206d6978696e67206120747261636b206f6e2074686520666c792c2065646974696e6720766964656f206f6e206c6f636174696f6e2c206f7220656e6a6f79696e672061206d6f766965206f6e2074686520676f3c2f6469763e3c6469763e4b6579626f61726420616e6420547261636b7061644d6f726520726573706f6e73697665206b6579626f6172642e204d6f726520657870616e7369766520747261636b7061642e3c2f6469763e3c6469763e496e746572616374696e67207769746820746865206e6577204d6163426f6f6b2050726f20697320612062657474657220657870657269656e636520616c6c2061726f756e642e20546865206b6579626f61726420686173206265656e20726564657369676e656420746f20696e636c756465206f7572206e65772c207365636f6e642d67656e65726174696f6e20627574746572666c79206d656368616e69736d20e28094206d65746963756c6f75736c7920726566696e656420666f72206772656174657220636f6d666f727420616e6420726573706f6e736976656e6573732e20416e642074686520466f72636520546f75636820747261636b706164206973207369676e69666963616e746c79206c61726765722c20676976696e6720796f75722066696e67657273206d6f726520726f6f6d20746f206765737475726520616e6420636c69636b2e3c2f6469763e3c6469763e3c62723e3c2f6469763e3c6469763e6d61634f534974e280997320776879207468657265e2809973206e6f7468696e6720656c7365206c696b652061204d61632e3c2f6469763e, 7, 1, 1, 62, 0, 1, 0, 0, 0, 2, 1, '2017-11-23 01:45:40', '2018-02-28 08:23:31'),
(19, 1, 1, 1, 'Samsumg New Phone', 'samsumg-new-phone', '1OCJ3YHLOHM', 'samsumg-new-phone.jpg', '500', NULL, 199, 0x6164616461646164, 0x616461646164, 8, 1, 1, 10, 0, 0, 0, 0, 0, 0, 1, '2018-02-15 21:01:51', '2018-08-02 22:00:01'),
(21, 1, 2, NULL, 'Samsung Smart', 'samsung-smart', 'HIMWWDNADRA', 'samsung-smart.jpg', '350', NULL, 24, 0x616461646164, 0x616461646164, 8, 1, 1, 18, 0, 0, 0, 0, 0, 1, 1, '2018-02-15 21:43:37', '2018-03-06 01:03:27');

-- --------------------------------------------------------

--
-- Table structure for table `product_images`
--

CREATE TABLE `product_images` (
  `id` int(10) UNSIGNED NOT NULL,
  `product_id` int(11) NOT NULL,
  `name` varchar(191) COLLATE utf8mb4_unicode_ci NOT NULL,
  `created_at` timestamp NULL DEFAULT NULL,
  `updated_at` timestamp NULL DEFAULT NULL
) ENGINE=InnoDB DEFAULT CHARSET=utf8mb4 COLLATE=utf8mb4_unicode_ci;

--
-- Dumping data for table `product_images`
--

INSERT INTO `product_images` (`id`, `product_id`, `name`, `created_at`, `updated_at`) VALUES
(14, 4, 'apple-smartphone-iphone-7-plus_0.jpg', '2017-11-11 20:12:04', '2017-11-11 20:12:04'),
(15, 4, 'apple-smartphone-iphone-7-plus_1.jpg', '2017-11-11 20:12:04', '2017-11-11 20:12:04'),
(16, 4, 'apple-smartphone-iphone-7-plus_2.jpg', '2017-11-11 20:12:04', '2017-11-11 20:12:04'),
(17, 4, 'apple-smartphone-iphone-7-plus_3.jpg', '2017-11-11 20:12:04', '2017-11-11 20:12:04'),
(20, 3, 'xiaomi-redmi-note-4x-64gb-smartphone-gold_0.jpg', '2017-11-16 15:50:33', '2017-11-16 15:50:33'),
(21, 3, 'xiaomi-redmi-note-4x-64gb-smartphone-gold_1.jpg', '2017-11-16 15:50:33', '2017-11-16 15:50:33'),
(22, 3, 'xiaomi-redmi-note-4x-64gb-smartphone-gold_2.jpg', '2017-11-16 15:50:33', '2017-11-16 15:50:33'),
(23, 3, 'xiaomi-redmi-note-4x-64gb-smartphone-gold_3.jpg', '2017-11-16 15:50:33', '2017-11-16 15:50:33'),
(24, 3, 'xiaomi-redmi-note-4x-64gb-smartphone-gold_4.jpg', '2017-11-16 15:50:33', '2017-11-16 15:50:33'),
(25, 3, 'xiaomi-redmi-note-4x-64gb-smartphone-gold_5.jpg', '2017-11-16 15:50:34', '2017-11-16 15:50:34'),
(26, 3, 'xiaomi-redmi-note-4x-64gb-smartphone-gold_6.jpg', '2017-11-16 15:50:34', '2017-11-16 15:50:34'),
(27, 3, 'xiaomi-redmi-note-4x-64gb-smartphone-gold_7.jpg', '2017-11-16 15:50:34', '2017-11-16 15:50:34'),
(28, 3, 'xiaomi-redmi-note-4x-64gb-smartphone-gold_8.jpeg', '2017-11-16 15:50:34', '2017-11-16 15:50:34'),
(29, 3, 'xiaomi-redmi-note-4x-64gb-smartphone-gold_9.jpeg', '2017-11-16 15:50:34', '2017-11-16 15:50:34'),
(30, 3, 'xiaomi-redmi-note-4x-64gb-smartphone-gold_10.jpg', '2017-11-16 15:50:34', '2017-11-16 15:50:34'),
(31, 3, 'xiaomi-redmi-note-4x-64gb-smartphone-gold_11.jpg', '2017-11-16 15:50:34', '2017-11-16 15:50:34'),
(32, 6, 'iphone-8-64gb_0.png', '2017-11-21 19:46:52', '2017-11-21 19:46:52'),
(33, 6, 'iphone-8-64gb_1.png', '2017-11-21 19:46:52', '2017-11-21 19:46:52'),
(34, 6, 'iphone-8-64gb_2.png', '2017-11-21 19:46:53', '2017-11-21 19:46:53'),
(35, 7, 'apple-apple-macbook-pro-mjlt2zaa_0.jpg', '2017-11-21 19:53:13', '2017-11-21 19:53:13'),
(36, 7, 'apple-apple-macbook-pro-mjlt2zaa_1.jpg', '2017-11-21 19:53:14', '2017-11-21 19:53:14'),
(37, 7, 'apple-apple-macbook-pro-mjlt2zaa_2.jpg', '2017-11-21 19:53:14', '2017-11-21 19:53:14'),
(43, 9, 'hp-348-g4-core-i5_0.jpg', '2017-11-23 01:12:48', '2017-11-23 01:12:48'),
(44, 9, 'hp-348-g4-core-i5_1.jpg', '2017-11-23 01:12:49', '2017-11-23 01:12:49'),
(45, 9, 'hp-348-g4-core-i5_2.jpg', '2017-11-23 01:12:49', '2017-11-23 01:12:49'),
(46, 10, 'apple-macbook-pro-154_0.jpg', '2017-11-23 01:20:58', '2017-11-23 01:20:58'),
(47, 10, 'apple-macbook-pro-154_1.jpg', '2017-11-23 01:20:58', '2017-11-23 01:20:58'),
(48, 10, 'apple-macbook-pro-154_2.jpg', '2017-11-23 01:20:58', '2017-11-23 01:20:58'),
(49, 10, 'apple-macbook-pro-154_3.jpg', '2017-11-23 01:20:58', '2017-11-23 01:20:58'),
(50, 11, 'macbook-pro-154-laptop_0.jpg', '2017-11-23 01:22:51', '2017-11-23 01:22:51'),
(51, 11, 'macbook-pro-154-laptop_1.jpg', '2017-11-23 01:22:51', '2017-11-23 01:22:51'),
(52, 11, 'macbook-pro-154-laptop_2.jpg', '2017-11-23 01:22:51', '2017-11-23 01:22:51'),
(53, 11, 'macbook-pro-154-laptop_3.jpg', '2017-11-23 01:22:51', '2017-11-23 01:22:51'),
(54, 11, 'macbook-pro-154-laptop_4.jpg', '2017-11-23 01:22:51', '2017-11-23 01:22:51'),
(55, 12, 'apple-macbook-air_0.jpg', '2017-11-23 01:24:39', '2017-11-23 01:24:39'),
(56, 12, 'apple-macbook-air_1.jpg', '2017-11-23 01:24:39', '2017-11-23 01:24:39'),
(57, 12, 'apple-macbook-air_2.jpg', '2017-11-23 01:24:39', '2017-11-23 01:24:39'),
(58, 12, 'apple-macbook-air_3.jpg', '2017-11-23 01:24:39', '2017-11-23 01:24:39'),
(59, 12, 'apple-macbook-air_4.jpg', '2017-11-23 01:24:39', '2017-11-23 01:24:39'),
(60, 13, 'apple-apple-iphone-6s_0.jpg', '2017-11-23 01:29:19', '2017-11-23 01:29:19'),
(61, 13, 'apple-apple-iphone-6s_1.jpg', '2017-11-23 01:29:20', '2017-11-23 01:29:20'),
(62, 13, 'apple-apple-iphone-6s_2.jpg', '2017-11-23 01:29:20', '2017-11-23 01:29:20'),
(63, 13, 'apple-apple-iphone-6s_3.jpg', '2017-11-23 01:29:20', '2017-11-23 01:29:20'),
(64, 13, 'apple-apple-iphone-6s_4.jpg', '2017-11-23 01:29:20', '2017-11-23 01:29:20'),
(65, 14, 'ipaky-360-full-protection-cover_0.jpg', '2017-11-23 01:34:07', '2017-11-23 01:34:07'),
(66, 14, 'ipaky-360-full-protection-cover_1.jpg', '2017-11-23 01:34:07', '2017-11-23 01:34:07'),
(67, 14, 'ipaky-360-full-protection-cover_2.jpg', '2017-11-23 01:34:08', '2017-11-23 01:34:08'),
(68, 14, 'ipaky-360-full-protection-cover_3.jpg', '2017-11-23 01:34:08', '2017-11-23 01:34:08'),
(69, 15, 'apple-macbook-air-mjvp2pa_0.jpg', '2017-11-23 01:38:23', '2017-11-23 01:38:23'),
(70, 15, 'apple-macbook-air-mjvp2pa_1.jpg', '2017-11-23 01:38:23', '2017-11-23 01:38:23'),
(71, 15, 'apple-macbook-air-mjvp2pa_2.jpg', '2017-11-23 01:38:23', '2017-11-23 01:38:23'),
(72, 15, 'apple-macbook-air-mjvp2pa_3.jpg', '2017-11-23 01:38:23', '2017-11-23 01:38:23'),
(73, 15, 'apple-macbook-air-mjvp2pa_4.jpg', '2017-11-23 01:38:23', '2017-11-23 01:38:23'),
(74, 16, 'iphone-66s-plus-red_0.jpg', '2017-11-23 01:40:51', '2017-11-23 01:40:51'),
(75, 16, 'iphone-66s-plus-red_1.jpg', '2017-11-23 01:40:51', '2017-11-23 01:40:51'),
(76, 16, 'iphone-66s-plus-red_2.jpg', '2017-11-23 01:40:51', '2017-11-23 01:40:51'),
(77, 16, 'iphone-66s-plus-red_3.jpg', '2017-11-23 01:40:51', '2017-11-23 01:40:51'),
(78, 16, 'iphone-66s-plus-red_4.jpg', '2017-11-23 01:40:51', '2017-11-23 01:40:51'),
(79, 17, 'apple-apple-iphone-6s-plus-gray_0.jpg', '2017-11-23 01:45:40', '2017-11-23 01:45:40'),
(80, 17, 'apple-apple-iphone-6s-plus-gray_1.jpg', '2017-11-23 01:45:40', '2017-11-23 01:45:40'),
(81, 17, 'apple-apple-iphone-6s-plus-gray_2.jpg', '2017-11-23 01:45:41', '2017-11-23 01:45:41'),
(82, 17, 'apple-apple-iphone-6s-plus-gray_3.jpg', '2017-11-23 01:45:41', '2017-11-23 01:45:41'),
(83, 17, 'apple-apple-iphone-6s-plus-gray_4.jpg', '2017-11-23 01:45:41', '2017-11-23 01:45:41'),
(84, 17, 'apple-apple-iphone-6s-plus-gray_5.jpg', '2017-11-23 01:45:41', '2017-11-23 01:45:41'),
(85, 19, 'samsumg-new-phone_0.jpg', '2018-02-15 21:01:53', '2018-02-15 21:01:53'),
(86, 19, 'samsumg-new-phone_1.jpg', '2018-02-15 21:01:53', '2018-02-15 21:01:53'),
(87, 19, 'samsumg-new-phone_2.jpg', '2018-02-15 21:01:53', '2018-02-15 21:01:53'),
(88, 19, 'samsumg-new-phone_3.jpg', '2018-02-15 21:01:53', '2018-02-15 21:01:53'),
(89, 21, 'samsung-smart_0.jpg', '2018-02-15 21:43:39', '2018-02-15 21:43:39'),
(90, 21, 'samsung-smart_1.jpg', '2018-02-15 21:43:39', '2018-02-15 21:43:39'),
(91, 21, 'samsung-smart_2.jpg', '2018-02-15 21:43:40', '2018-02-15 21:43:40');

-- --------------------------------------------------------

--
-- Table structure for table `product_size`
--

CREATE TABLE `product_size` (
  `id` int(10) UNSIGNED NOT NULL,
  `product_id` int(10) UNSIGNED NOT NULL,
  `size_id` int(10) UNSIGNED NOT NULL,
  `created_at` timestamp NULL DEFAULT NULL,
  `updated_at` timestamp NULL DEFAULT NULL
) ENGINE=InnoDB DEFAULT CHARSET=utf8mb4 COLLATE=utf8mb4_unicode_ci;

--
-- Dumping data for table `product_size`
--

INSERT INTO `product_size` (`id`, `product_id`, `size_id`, `created_at`, `updated_at`) VALUES
(1, 19, 1, NULL, NULL),
(2, 19, 2, NULL, NULL),
(3, 19, 3, NULL, NULL),
(4, 19, 4, NULL, NULL),
(9, 21, 1, NULL, NULL),
(10, 21, 2, NULL, NULL),
(11, 21, 3, NULL, NULL),
(12, 21, 4, NULL, NULL),
(16, 17, 2, NULL, NULL),
(17, 17, 3, NULL, NULL),
(18, 17, 4, NULL, NULL);

-- --------------------------------------------------------

--
-- Table structure for table `product_specifications`
--

CREATE TABLE `product_specifications` (
  `id` int(10) UNSIGNED NOT NULL,
  `product_id` int(11) NOT NULL,
  `specification` text COLLATE utf8mb4_unicode_ci NOT NULL,
  `created_at` timestamp NULL DEFAULT NULL,
  `updated_at` timestamp NULL DEFAULT NULL
) ENGINE=InnoDB DEFAULT CHARSET=utf8mb4 COLLATE=utf8mb4_unicode_ci;

--
-- Dumping data for table `product_specifications`
--

INSERT INTO `product_specifications` (`id`, `product_id`, `specification`, `created_at`, `updated_at`) VALUES
(29, 4, '5.5” HD IPS LCD Display', '2017-11-11 20:12:04', '2017-11-11 20:12:04'),
(30, 4, 'Quad-core 2.34 GHz Processor', '2017-11-11 20:12:04', '2017-11-11 20:12:04'),
(31, 4, '3GB RAM and 256GB ROM', '2017-11-11 20:12:04', '2017-11-11 20:12:04'),
(32, 4, '12MP Rear and 5MP Front Camera', '2017-11-11 20:12:04', '2017-11-11 20:12:04'),
(33, 4, 'IOS 9 and Upgradable', '2017-11-11 20:12:04', '2017-11-11 20:12:04'),
(34, 4, '10.2 Non-removable Li-Ion 2900mAh battery', '2017-11-11 20:12:04', '2017-11-11 20:12:04'),
(71, 6, 'Dimensions138.4 x 67.3 x 7.3 mm', '2017-11-21 19:46:53', '2017-11-21 19:46:53'),
(72, 6, 'Display TypeLED-backlit IPS LCD', '2017-11-21 19:46:53', '2017-11-21 19:46:53'),
(73, 6, 'ChipsetApple A11 Bionic', '2017-11-21 19:46:53', '2017-11-21 19:46:53'),
(74, 6, 'GPUApple GPU (three-core graphics)', '2017-11-21 19:46:53', '2017-11-21 19:46:53'),
(75, 6, 'Primary Camera12 MP, f/1.8, 28mm, phase detection autofocus', '2017-11-21 19:46:53', '2017-11-21 19:46:53'),
(76, 6, 'Weight148 g', '2017-11-21 19:46:53', '2017-11-21 19:46:53'),
(77, 6, 'Display Size4.7 inches', '2017-11-21 19:46:53', '2017-11-21 19:46:53'),
(78, 6, 'RAM & ROM64GB ROM & 2GB RAM', '2017-11-21 19:46:53', '2017-11-21 19:46:53'),
(79, 6, 'Secondary Camera7 MP, f/2.2, 1080p@30fps, 720p@240fps, face detection, HDR, panorama', '2017-11-21 19:46:53', '2017-11-21 19:46:53'),
(80, 6, 'BatteryLi-Ion 1821 mAh battery', '2017-11-21 19:46:53', '2017-11-21 19:46:53'),
(81, 7, 'Processor: 2.9GHz quad-core Intel Core i7, Turbo Boost up to 3.9GHz', '2017-11-21 19:53:14', '2017-11-21 19:53:14'),
(82, 7, 'Display: 15.4-inch (diagonal) LED-backlit display with IPS technology', '2017-11-21 19:53:14', '2017-11-21 19:53:14'),
(83, 7, 'Resolution: 2880 x 1800 Pixels', '2017-11-21 19:53:14', '2017-11-21 19:53:14'),
(84, 7, 'Memory: 16GB of 2133MHz LPDDR3 onboard memory', '2017-11-21 19:53:14', '2017-11-21 19:53:14'),
(85, 7, 'Storage: 512GB PCIe-based onboard SSD', '2017-11-21 19:53:14', '2017-11-21 19:53:14'),
(86, 7, 'Graphics: Radeon Pro 560 with 4GB of GDDR5', '2017-11-21 19:53:14', '2017-11-21 19:53:14'),
(99, 9, '14.1\" HD LED Display', '2017-11-23 01:12:49', '2017-11-23 01:12:49'),
(100, 9, 'Core i5 7th gen 7200U-2.50 TO 3.10 GHz', '2017-11-23 01:12:49', '2017-11-23 01:12:49'),
(101, 9, '4GB DDR4 RAM and 1 TB HDD', '2017-11-23 01:12:49', '2017-11-23 01:12:49'),
(102, 9, 'Graphics: Intel HD Graphics 620', '2017-11-23 01:12:49', '2017-11-23 01:12:49'),
(103, 9, 'Display Resolution: 1366 x 768', '2017-11-23 01:12:49', '2017-11-23 01:12:49'),
(104, 9, 'Optical device: DVD RW', '2017-11-23 01:12:49', '2017-11-23 01:12:49'),
(105, 10, '2.7GHz Intel Core i7 processor', '2017-11-23 01:20:58', '2017-11-23 01:20:58'),
(106, 10, '16GB of 1600MHz DDR3L onboard memory', '2017-11-23 01:20:58', '2017-11-23 01:20:58'),
(107, 10, '512GB PCIe-based flash storage', '2017-11-23 01:20:58', '2017-11-23 01:20:58'),
(108, 10, 'Intel HD Graphics 530', '2017-11-23 01:20:58', '2017-11-23 01:20:58'),
(109, 10, 'Dual display and video mirroring', '2017-11-23 01:20:58', '2017-11-23 01:20:58'),
(110, 10, '720p FaceTime HD camera', '2017-11-23 01:20:58', '2017-11-23 01:20:58'),
(111, 11, '2.7GHz Intel Core i7 processor', '2017-11-23 01:22:51', '2017-11-23 01:22:51'),
(112, 11, '16GB of 1600MHz DDR3L onboard memory', '2017-11-23 01:22:51', '2017-11-23 01:22:51'),
(113, 11, 'Network - Full Netcom, Dual SIM Dual Standby', '2017-11-23 01:22:51', '2017-11-23 01:22:51'),
(114, 11, '3GB RAM and 64GB ROM', '2017-11-23 01:22:51', '2017-11-23 01:22:51'),
(115, 11, '12MP Rear and 5MP Front Camera', '2017-11-23 01:22:52', '2017-11-23 01:22:52'),
(116, 11, 'Xiaomi Redmi 4X Smartphone', '2017-11-23 01:22:52', '2017-11-23 01:22:52'),
(117, 11, 'Display 12\"', '2017-11-23 01:22:52', '2017-11-23 01:22:52'),
(118, 12, '2.7GHz Intel Core i7 processor', '2017-11-23 01:24:39', '2017-11-23 01:24:39'),
(119, 12, 'Network - Full Netcom, Dual SIM Dual Standby', '2017-11-23 01:24:39', '2017-11-23 01:24:39'),
(120, 12, '3GB RAM and 64GB ROM', '2017-11-23 01:24:39', '2017-11-23 01:24:39'),
(121, 12, '12MP Rear and 5MP Front Camera', '2017-11-23 01:24:40', '2017-11-23 01:24:40'),
(122, 12, 'Network - Full Netcom, Dual SIM Dual Standby', '2017-11-23 01:24:40', '2017-11-23 01:24:40'),
(123, 13, '2.7GHz Intel Core i7 processor', '2017-11-23 01:29:20', '2017-11-23 01:29:20'),
(124, 13, 'Network - Full Netcom, Dual SIM Dual Standby', '2017-11-23 01:29:20', '2017-11-23 01:29:20'),
(125, 13, 'Display 12\"', '2017-11-23 01:29:20', '2017-11-23 01:29:20'),
(126, 13, '3GB RAM and 64GB ROM', '2017-11-23 01:29:20', '2017-11-23 01:29:20'),
(127, 13, '12MP Rear and 5MP Front Camera', '2017-11-23 01:29:21', '2017-11-23 01:29:21'),
(128, 13, '2.7GHz Intel Core i7 processor', '2017-11-23 01:29:21', '2017-11-23 01:29:21'),
(129, 14, '360° all-round protection', '2017-11-23 01:34:08', '2017-11-23 01:34:08'),
(130, 14, 'Top quality PC material', '2017-11-23 01:34:08', '2017-11-23 01:34:08'),
(131, 14, 'Two-piece design easy installation', '2017-11-23 01:34:08', '2017-11-23 01:34:08'),
(132, 14, 'Feel comfortable', '2017-11-23 01:34:08', '2017-11-23 01:34:08'),
(133, 14, 'Super thin for perfect fit', '2017-11-23 01:34:08', '2017-11-23 01:34:08'),
(134, 14, 'Transparent design for Apple logo', '2017-11-23 01:34:08', '2017-11-23 01:34:08'),
(171, 15, '2.7GHz Intel Core i7 processor', '2017-11-23 01:48:36', '2017-11-23 01:48:36'),
(172, 15, 'Network - Full Netcom, Dual SIM Dual Standby', '2017-11-23 01:48:36', '2017-11-23 01:48:36'),
(173, 15, '3GB RAM and 64GB ROM', '2017-11-23 01:48:36', '2017-11-23 01:48:36'),
(174, 15, 'Display 12\"', '2017-11-23 01:48:36', '2017-11-23 01:48:36'),
(175, 15, '12MP Rear and 5MP Front Camera', '2017-11-23 01:48:36', '2017-11-23 01:48:36'),
(176, 15, '2.7GHz Intel Core i7 processor', '2017-11-23 01:48:36', '2017-11-23 01:48:36'),
(189, 19, 'adadad', '2018-02-15 21:01:53', '2018-02-15 21:01:53'),
(190, 19, 'adadad', '2018-02-15 21:01:53', '2018-02-15 21:01:53'),
(191, 19, 'add', '2018-02-15 21:01:53', '2018-02-15 21:01:53'),
(210, 21, 'adadad', '2018-02-15 21:53:04', '2018-02-15 21:53:04'),
(211, 21, 'asdadad', '2018-02-15 21:53:04', '2018-02-15 21:53:04'),
(212, 21, 'asdad', '2018-02-15 21:53:04', '2018-02-15 21:53:04'),
(237, 17, '2.7GHz Intel Core i7 processor', '2018-02-24 19:46:23', '2018-02-24 19:46:23'),
(238, 17, 'Network - Full Netcom, Dual SIM Dual Standby', '2018-02-24 19:46:23', '2018-02-24 19:46:23'),
(239, 17, '360° all-round protection', '2018-02-24 19:46:23', '2018-02-24 19:46:23'),
(240, 17, '3GB RAM and 64GB ROM', '2018-02-24 19:46:23', '2018-02-24 19:46:23'),
(241, 17, '360° all-round protection', '2018-02-24 19:46:23', '2018-02-24 19:46:23'),
(242, 17, 'Display 12\"', '2018-02-24 19:46:23', '2018-02-24 19:46:23'),
(247, 16, '360° all-round protection', '2018-02-24 19:52:56', '2018-02-24 19:52:56'),
(248, 16, 'Top quality PC material', '2018-02-24 19:52:56', '2018-02-24 19:52:56'),
(249, 16, 'Two-piece design easy installation', '2018-02-24 19:52:56', '2018-02-24 19:52:56'),
(250, 16, 'Feel comfortable', '2018-02-24 19:52:56', '2018-02-24 19:52:56'),
(251, 16, 'Super thin for perfect fit', '2018-02-24 19:52:56', '2018-02-24 19:52:56'),
(252, 16, 'Transparent design for Apple logo', '2018-02-24 19:52:56', '2018-02-24 19:52:56'),
(315, 3, 'Fingerprint ID', '2018-03-06 01:24:30', '2018-03-06 01:24:30'),
(316, 3, 'CPU - Snapdragon 625 Quad Core CPU (Adreno 506 GPU 650MHz )', '2018-03-06 01:24:30', '2018-03-06 01:24:30'),
(317, 3, 'Screen - 5.5-inch FHD Display 403PPI', '2018-03-06 01:24:30', '2018-03-06 01:24:30'),
(318, 3, 'Storage - 3GB RAM + 32GB ROM (Support 128GB TF Card , VFat Format Only )', '2018-03-06 01:24:30', '2018-03-06 01:24:30'),
(319, 3, 'Camera - 13MP Rear Camera, 5MP Front Camera', '2018-03-06 01:24:30', '2018-03-06 01:24:30'),
(320, 3, 'System - MIUI 8.1 Android 6.0 OS with more languages', '2018-03-06 01:24:30', '2018-03-06 01:24:30'),
(321, 3, 'Battery - 4100mAh(Typ)/4000 (Min)', '2018-03-06 01:24:30', '2018-03-06 01:24:30'),
(322, 3, 'Network - Full Netcom, Dual SIM Dual Standby', '2018-03-06 01:24:30', '2018-03-06 01:24:30');

-- --------------------------------------------------------

--
-- Table structure for table `product_tag`
--

CREATE TABLE `product_tag` (
  `id` int(10) UNSIGNED NOT NULL,
  `product_id` int(10) UNSIGNED NOT NULL,
  `tag_id` int(10) UNSIGNED NOT NULL,
  `created_at` timestamp NULL DEFAULT NULL,
  `updated_at` timestamp NULL DEFAULT NULL
) ENGINE=InnoDB DEFAULT CHARSET=utf8mb4 COLLATE=utf8mb4_unicode_ci;

--
-- Dumping data for table `product_tag`
--

INSERT INTO `product_tag` (`id`, `product_id`, `tag_id`, `created_at`, `updated_at`) VALUES
(1, 19, 5, NULL, NULL),
(2, 19, 6, NULL, NULL),
(3, 19, 7, NULL, NULL),
(4, 19, 8, NULL, NULL),
(5, 21, 7, NULL, NULL),
(6, 21, 9, NULL, NULL),
(11, 16, 1, NULL, NULL),
(12, 16, 3, NULL, NULL),
(13, 17, 2, NULL, NULL),
(14, 17, 3, NULL, NULL),
(15, 17, 4, NULL, NULL),
(16, 17, 5, NULL, NULL);

-- --------------------------------------------------------

--
-- Table structure for table `reviews`
--

CREATE TABLE `reviews` (
  `id` int(10) UNSIGNED NOT NULL,
  `user_id` int(11) NOT NULL,
  `product_id` int(11) NOT NULL,
  `rating` int(11) NOT NULL,
  `comment` text COLLATE utf8mb4_unicode_ci NOT NULL,
  `created_at` timestamp NULL DEFAULT NULL,
  `updated_at` timestamp NULL DEFAULT NULL
) ENGINE=InnoDB DEFAULT CHARSET=utf8mb4 COLLATE=utf8mb4_unicode_ci;

--
-- Dumping data for table `reviews`
--

INSERT INTO `reviews` (`id`, `user_id`, `product_id`, `rating`, `comment`, `created_at`, `updated_at`) VALUES
(2, 2, 4, 2, 'Asesome Bro.', '2017-11-17 12:51:19', '2017-11-17 12:51:19');

-- --------------------------------------------------------

--
-- Table structure for table `sizes`
--

CREATE TABLE `sizes` (
  `id` int(10) UNSIGNED NOT NULL,
  `category_id` int(11) NOT NULL,
  `name` varchar(191) COLLATE utf8mb4_unicode_ci NOT NULL,
  `status` tinyint(1) NOT NULL DEFAULT '0',
  `created_at` timestamp NULL DEFAULT NULL,
  `updated_at` timestamp NULL DEFAULT NULL
) ENGINE=InnoDB DEFAULT CHARSET=utf8mb4 COLLATE=utf8mb4_unicode_ci;

--
-- Dumping data for table `sizes`
--

INSERT INTO `sizes` (`id`, `category_id`, `name`, `status`, `created_at`, `updated_at`) VALUES
(1, 1, 'M', 0, '2018-02-09 19:40:41', '2018-03-03 20:04:53'),
(2, 1, 'L', 0, '2018-02-09 19:40:53', '2018-02-09 19:40:53'),
(3, 1, 'XL', 0, '2018-02-09 19:40:59', '2018-03-03 20:05:35'),
(4, 4, 'XLL', 0, '2018-02-09 19:41:05', '2018-03-03 20:05:25'),
(5, 2, '4\"', 0, '2018-03-03 19:45:29', '2018-03-03 19:45:29'),
(6, 2, '8\"', 0, '2018-03-03 19:46:14', '2018-03-03 19:46:14'),
(7, 2, '6\"', 0, '2018-03-03 19:52:18', '2018-03-03 20:05:12');

-- --------------------------------------------------------

--
-- Table structure for table `sliders`
--

CREATE TABLE `sliders` (
  `id` int(10) UNSIGNED NOT NULL,
  `main_title` varchar(191) COLLATE utf8mb4_unicode_ci DEFAULT NULL,
  `sub_title` varchar(191) COLLATE utf8mb4_unicode_ci DEFAULT NULL,
  `short_title` varchar(191) COLLATE utf8mb4_unicode_ci DEFAULT NULL,
  `image` varchar(191) COLLATE utf8mb4_unicode_ci NOT NULL,
  `created_at` timestamp NULL DEFAULT NULL,
  `updated_at` timestamp NULL DEFAULT NULL
) ENGINE=InnoDB DEFAULT CHARSET=utf8mb4 COLLATE=utf8mb4_unicode_ci;

--
-- Dumping data for table `sliders`
--

INSERT INTO `sliders` (`id`, `main_title`, `sub_title`, `short_title`, `image`, `created_at`, `updated_at`) VALUES
(15, 'Bit E-COMMERCE', 'BitCoin e-Commerce here', 'Lorem ipsum dolor sit amet, consectetur adipisicing elit,', 'slider_1510434419.jpg', '2017-11-11 21:06:59', '2017-11-11 21:06:59'),
(16, 'Bit E-COMMERCE', 'BitCoin e-Commerce here', 'Lorem ipsum dolor sit amet, consectetur adipisicing elit,', 'slider_1510434428.jpg', '2017-11-11 21:07:08', '2017-11-11 21:07:08'),
(17, 'Bit E-COMMERCE', 'BitCoin e-Commerce here', 'Lorem ipsum dolor sit amet, consectetur adipisicing elit,', 'slider_1510434436.jpg', '2017-11-11 21:07:16', '2017-11-11 21:07:16');

-- --------------------------------------------------------

--
-- Table structure for table `socials`
--

CREATE TABLE `socials` (
  `id` int(10) UNSIGNED NOT NULL,
  `name` varchar(191) COLLATE utf8mb4_unicode_ci NOT NULL,
  `code` varchar(191) COLLATE utf8mb4_unicode_ci NOT NULL,
  `link` varchar(191) COLLATE utf8mb4_unicode_ci NOT NULL,
  `created_at` timestamp NULL DEFAULT NULL,
  `updated_at` timestamp NULL DEFAULT NULL
) ENGINE=InnoDB DEFAULT CHARSET=utf8mb4 COLLATE=utf8mb4_unicode_ci;

--
-- Dumping data for table `socials`
--

INSERT INTO `socials` (`id`, `name`, `code`, `link`, `created_at`, `updated_at`) VALUES
(3, 'Facebook', '<i class=\"fa fa-facebook\" aria-hidden=\"true\"></i>', 'https://www.facebook.com/softwarezon', '2017-08-19 12:25:30', '2017-11-25 12:03:34'),
(5, 'twitter', '<i class=\"fa fa-twitter\" aria-hidden=\"true\"></i>', 'https://twitter.com/', '2017-08-19 12:29:52', '2017-11-25 12:03:42'),
(6, 'linkedin', '<i class=\"fa fa-linkedin\" aria-hidden=\"true\"></i>', 'http://softwarezon.com/contact', '2017-08-19 12:30:23', '2017-11-25 12:04:00'),
(7, 'google plus', '<i class=\"fa fa-google-plus\" aria-hidden=\"true\"></i>', 'http://softwarezon.com/contact', '2017-08-19 12:32:35', '2017-11-25 12:04:06'),
(8, 'Instragram', '<i class=\"fa fa-instagram\" aria-hidden=\"true\"></i>', '#', '2017-11-04 15:28:21', '2017-11-04 15:28:21');

-- --------------------------------------------------------

--
-- Table structure for table `specialities`
--

CREATE TABLE `specialities` (
  `id` int(10) UNSIGNED NOT NULL,
  `title` varchar(191) COLLATE utf8mb4_unicode_ci NOT NULL,
  `subtitle` varchar(191) COLLATE utf8mb4_unicode_ci NOT NULL,
  `image` varchar(191) COLLATE utf8mb4_unicode_ci NOT NULL,
  `created_at` timestamp NULL DEFAULT NULL,
  `updated_at` timestamp NULL DEFAULT NULL
) ENGINE=InnoDB DEFAULT CHARSET=utf8mb4 COLLATE=utf8mb4_unicode_ci;

--
-- Dumping data for table `specialities`
--

INSERT INTO `specialities` (`id`, `title`, `subtitle`, `image`, `created_at`, `updated_at`) VALUES
(1, 'FREE DEVILRY', 'From $60.99', 'speciality_1510577229.png', NULL, '2017-11-13 12:47:09'),
(2, 'Support 24/7', 'Online 24 hours', 'speciality_1510577651.png', NULL, '2017-11-13 12:54:11'),
(3, 'FREE RETURN', '365 a Day', 'speciality_1510577730.png', NULL, '2017-11-13 12:55:30'),
(4, 'BIG SAVEING', 'Weeken Seles', 'speciality_1510577807.png', NULL, '2017-11-13 12:56:47');

-- --------------------------------------------------------

--
-- Table structure for table `staff`
--

CREATE TABLE `staff` (
  `id` int(10) UNSIGNED NOT NULL,
  `name` varchar(191) COLLATE utf8mb4_unicode_ci NOT NULL,
  `email` varchar(191) COLLATE utf8mb4_unicode_ci NOT NULL,
  `image` varchar(191) COLLATE utf8mb4_unicode_ci NOT NULL DEFAULT 'user-default.png',
  `password` varchar(191) COLLATE utf8mb4_unicode_ci NOT NULL,
  `remember_token` varchar(100) COLLATE utf8mb4_unicode_ci DEFAULT NULL,
  `created_at` timestamp NULL DEFAULT NULL,
  `updated_at` timestamp NULL DEFAULT NULL
) ENGINE=InnoDB DEFAULT CHARSET=utf8mb4 COLLATE=utf8mb4_unicode_ci;

--
-- Dumping data for table `staff`
--

INSERT INTO `staff` (`id`, `name`, `email`, `image`, `password`, `remember_token`, `created_at`, `updated_at`) VALUES
(1, 'Staff rahman', 'staff@gmail.com', '1511385636.png', '$2y$10$7ho3B9P93P.YB6JSz.0CnOWfHn90MepLRynZNHF681FVJoThiea4i', 'xgGWNkQcbyNzsjJiUYk4s1HsiHgjsc8BPqfHCHSJ5zggv28qaUG7J3Mf5VQq', '2017-11-22 20:39:00', '2018-02-18 07:23:52');

-- --------------------------------------------------------

--
-- Table structure for table `subcategories`
--

CREATE TABLE `subcategories` (
  `id` int(10) UNSIGNED NOT NULL,
  `category_id` int(11) NOT NULL,
  `name` varchar(191) COLLATE utf8mb4_unicode_ci NOT NULL,
  `created_at` timestamp NULL DEFAULT NULL,
  `updated_at` timestamp NULL DEFAULT NULL
) ENGINE=InnoDB DEFAULT CHARSET=utf8mb4 COLLATE=utf8mb4_unicode_ci;

--
-- Dumping data for table `subcategories`
--

INSERT INTO `subcategories` (`id`, `category_id`, `name`, `created_at`, `updated_at`) VALUES
(1, 1, 'Smart Phone', '2017-11-10 17:09:25', '2017-11-10 17:14:19'),
(2, 1, 'Classic Phone', '2017-11-10 17:16:50', '2017-11-10 17:16:50'),
(3, 2, 'Android Tablet', '2017-11-11 22:18:36', '2017-11-11 22:20:38'),
(4, 2, 'ios Tablet', '2017-11-11 22:19:07', '2017-11-11 22:20:48'),
(5, 3, '7th Generation', '2017-11-12 11:56:11', '2017-11-12 11:57:49'),
(6, 3, '5th Generation', '2017-11-12 11:56:52', '2017-11-12 11:57:58'),
(7, 3, '3rd generation', '2017-11-12 11:57:08', '2017-11-12 11:58:19'),
(8, 6, 'LED', '2017-11-22 21:49:09', '2017-11-22 21:49:09');

-- --------------------------------------------------------

--
-- Table structure for table `subscribes`
--

CREATE TABLE `subscribes` (
  `id` int(10) UNSIGNED NOT NULL,
  `email` varchar(191) COLLATE utf8mb4_unicode_ci NOT NULL,
  `created_at` timestamp NULL DEFAULT NULL,
  `updated_at` timestamp NULL DEFAULT NULL
) ENGINE=InnoDB DEFAULT CHARSET=utf8mb4 COLLATE=utf8mb4_unicode_ci;

--
-- Dumping data for table `subscribes`
--

INSERT INTO `subscribes` (`id`, `email`, `created_at`, `updated_at`) VALUES
(1, 'admin@gmail.com', '2017-11-23 20:32:56', '2017-11-23 20:32:56'),
(2, 'admin@admin.com', '2017-11-23 20:34:12', '2017-11-23 20:34:12'),
(3, 'support@cryptoexpertpro.com', '2018-03-05 20:32:17', '2018-03-05 20:32:17'),
(4, 'sarminwd@gmail.com', '2018-06-05 16:47:49', '2018-06-05 16:47:49');

-- --------------------------------------------------------

--
-- Table structure for table `tags`
--

CREATE TABLE `tags` (
  `id` int(10) UNSIGNED NOT NULL,
  `name` varchar(191) COLLATE utf8mb4_unicode_ci NOT NULL,
  `created_at` timestamp NULL DEFAULT NULL,
  `updated_at` timestamp NULL DEFAULT NULL
) ENGINE=InnoDB DEFAULT CHARSET=utf8mb4 COLLATE=utf8mb4_unicode_ci;

--
-- Dumping data for table `tags`
--

INSERT INTO `tags` (`id`, `name`, `created_at`, `updated_at`) VALUES
(1, 'new', '2018-02-09 20:23:16', '2018-02-09 20:23:16'),
(2, 'old', '2018-02-09 20:23:25', '2018-02-09 20:23:25'),
(3, 'watch', '2018-02-09 20:29:14', '2018-02-09 20:29:14'),
(4, 'Heels', '2018-02-09 20:29:23', '2018-02-09 20:29:58'),
(5, 'adad', '2018-02-15 21:01:52', '2018-02-15 21:01:52'),
(6, 'adead', '2018-02-15 21:01:52', '2018-02-15 21:01:52'),
(7, 'jukk', '2018-02-15 21:01:52', '2018-02-15 21:01:52'),
(8, 'jkkk', '2018-02-15 21:01:52', '2018-02-15 21:01:52'),
(9, 'asdad', '2018-02-15 21:43:38', '2018-02-15 21:43:38'),
(10, 'adadad', '2018-02-15 21:43:38', '2018-02-15 21:43:38'),
(11, 'ad', '2018-02-15 21:43:38', '2018-02-15 21:43:38'),
(12, 'we', '2018-02-15 21:43:38', '2018-02-15 21:43:38'),
(13, 'w', '2018-02-15 21:43:38', '2018-02-15 21:43:38'),
(14, 'eee', '2018-02-15 21:43:38', '2018-02-15 21:43:38'),
(15, 'aaa', '2018-02-18 19:35:47', '2018-02-18 19:35:47'),
(16, 'erere', '2018-02-18 19:35:47', '2018-02-18 19:35:47'),
(17, 'erert', '2018-02-18 19:35:47', '2018-02-18 19:35:47'),
(18, 'sfsfsf', '2018-03-03 22:04:02', '2018-03-03 22:04:02'),
(19, 'ee', '2018-03-03 22:04:02', '2018-03-03 22:04:02');

-- --------------------------------------------------------

--
-- Table structure for table `testimonials`
--

CREATE TABLE `testimonials` (
  `id` int(10) UNSIGNED NOT NULL,
  `user_id` int(11) NOT NULL DEFAULT '0',
  `name` varchar(191) COLLATE utf8mb4_unicode_ci NOT NULL,
  `image` varchar(191) COLLATE utf8mb4_unicode_ci NOT NULL,
  `position` varchar(100) COLLATE utf8mb4_unicode_ci NOT NULL,
  `message` blob NOT NULL,
  `status` tinyint(1) NOT NULL DEFAULT '0',
  `created_at` timestamp NULL DEFAULT NULL,
  `updated_at` timestamp NULL DEFAULT NULL
) ENGINE=InnoDB DEFAULT CHARSET=utf8mb4 COLLATE=utf8mb4_unicode_ci;

--
-- Dumping data for table `testimonials`
--

INSERT INTO `testimonials` (`id`, `user_id`, `name`, `image`, `position`, `message`, `status`, `created_at`, `updated_at`) VALUES
(2, 0, 'Hasan Rahman', 'testimonial_1509064118.jpg', 'CEO, Night Guard', 0x4c6f72656d20497073756d2069732073696d706c792064756d6d792074657874206f6620746865207072696e74696e6720616e64207479706573657474696e6720696e6475737472792e204c6f72656d20497073756d20686173206265656e2074686520696e6475737472792773207374616e646172642064756d6d79207465787420657665722073696e6365207468652031353030732c207768656e20616e20756e6b6e6f776e207072696e74657220746f6f6b2e, 1, '2017-09-28 16:59:39', '2018-08-02 12:14:26'),
(3, 0, 'Usman Khaja', 'testimonial_1509064105.png', 'Night Guard', 0x4c6f72656d20497073756d2069732073696d706c792064756d6d792074657874206f6620746865207072696e74696e6720616e64207479706573657474696e6720696e6475737472792e204c6f72656d20497073756d20686173206265656e2074686520696e6475737472792773207374616e646172642064756d6d79207465787420657665722073696e6365207468652031353030732c207768656e20616e20756e6b6e6f776e207072696e74657220746f6f6b2e, 1, '2017-09-28 17:00:05', '2018-08-02 12:14:17'),
(4, 0, 'Usman Khaja', 'testimonial_1509063987.png', 'Night Guard', 0x4c6f72656d20497073756d2069732073696d706c792064756d6d792074657874206f6620746865207072696e74696e6720616e64207479706573657474696e6720696e6475737472792e204c6f72656d20497073756d20686173206265656e2074686520696e6475737472792773207374616e646172642064756d6d79207465787420657665722073696e6365207468652031353030732c207768656e20616e20756e6b6e6f776e207072696e74657220746f6f6b2e, 1, '2017-09-28 17:00:29', '2018-08-02 12:14:02'),
(5, 2, 'Habibur Rahman', 'testimonial_1520199173.png', 'CEO, MoniasoftHouse', 0x4c6f72656d20497073756d2069732073696d706c792064756d6d792074657874206f6620746865207072696e74696e6720616e64207479706573657474696e6720696e6475737472792e204c6f72656d20497073756d20686173206265656e2074686520696e6475737472792773207374616e646172642064756d6d79207465787420657665722073696e6365207468652031353030732c207768656e20616e20756e6b6e6f776e207072696e74657220746f6f6b2e, 1, '2018-03-04 21:32:53', '2018-03-04 21:45:04');

-- --------------------------------------------------------

--
-- Table structure for table `transaction_logs`
--

CREATE TABLE `transaction_logs` (
  `id` int(10) UNSIGNED NOT NULL,
  `custom` varchar(255) COLLATE utf8mb4_unicode_ci NOT NULL,
  `provider_id` int(11) NOT NULL,
  `type` tinyint(4) NOT NULL,
  `balance` varchar(255) COLLATE utf8mb4_unicode_ci NOT NULL,
  `post_balance` varchar(255) COLLATE utf8mb4_unicode_ci NOT NULL,
  `details` text COLLATE utf8mb4_unicode_ci NOT NULL,
  `created_at` timestamp NULL DEFAULT NULL,
  `updated_at` timestamp NULL DEFAULT NULL
) ENGINE=InnoDB DEFAULT CHARSET=utf8mb4 COLLATE=utf8mb4_unicode_ci;

--
-- Dumping data for table `transaction_logs`
--

INSERT INTO `transaction_logs` (`id`, `custom`, `provider_id`, `type`, `balance`, `post_balance`, `details`, `created_at`, `updated_at`) VALUES
(32, 'MZXGOT449Q0L', 3, 4, '12', '4538', 'Withdraw Charge For Perfect Money', '2018-02-23 21:07:55', '2018-02-23 21:07:55'),
(33, 'MZXGOT449Q0L', 3, 3, '200', '4550', 'Withdraw Via Perfect Money', '2018-02-23 21:07:55', '2018-02-23 21:07:55'),
(34, 'TQACTAUO2WZD', 3, 4, '10', '4378', 'Withdraw Charge For Payonner', '2018-02-23 21:17:12', '2018-02-23 21:17:12'),
(35, 'TQACTAUO2WZD', 3, 3, '150', '4388', 'Withdraw Via Payonner', '2018-02-23 21:17:12', '2018-02-23 21:17:12'),
(36, 'HJQ73T00NFLM', 3, 1, '1800', '6178', 'Product Sell', '2018-02-23 21:26:37', '2018-02-23 21:26:37'),
(37, 'TQACTAUO2WZD', 3, 6, '10', '6338', 'Withdraw Charge Refund Payonner', '2018-02-23 21:46:22', '2018-02-23 21:46:22'),
(38, 'TQACTAUO2WZD', 3, 5, '150', '6328', 'Withdraw Refund For Payonner', '2018-02-23 21:46:22', '2018-02-23 21:46:22');

-- --------------------------------------------------------

--
-- Table structure for table `users`
--

CREATE TABLE `users` (
  `id` int(10) UNSIGNED NOT NULL,
  `first_name` varchar(191) COLLATE utf8mb4_unicode_ci NOT NULL,
  `last_name` varchar(191) COLLATE utf8mb4_unicode_ci NOT NULL,
  `email` varchar(191) COLLATE utf8mb4_unicode_ci NOT NULL,
  `image` varchar(191) COLLATE utf8mb4_unicode_ci NOT NULL DEFAULT 'user_default.png',
  `password` varchar(191) COLLATE utf8mb4_unicode_ci NOT NULL,
  `remember_token` varchar(100) COLLATE utf8mb4_unicode_ci DEFAULT NULL,
  `created_at` timestamp NULL DEFAULT NULL,
  `updated_at` timestamp NULL DEFAULT NULL
) ENGINE=InnoDB DEFAULT CHARSET=utf8mb4 COLLATE=utf8mb4_unicode_ci;

--
-- Dumping data for table `users`
--

INSERT INTO `users` (`id`, `first_name`, `last_name`, `email`, `image`, `password`, `remember_token`, `created_at`, `updated_at`) VALUES
(2, 'User', 'Jone', 'user@gmail.com', 'user_1511472956.png', '$2y$10$r0oNWk44V5WMCZkpvWg7yOessuyytM61GGlnWrzJUJpK7Msv/zGvu', 'H0fNuUNhOwWFtF6TowS29RPZcogWLA9NEQMMXWzh2rPmvBtf6XWPA7egoXng', '2017-11-06 20:33:39', '2018-03-04 20:52:36'),
(3, 'Habibur', 'Rahman', 'hellomrhasan35@gmail.com', 'user_default.png', '$2y$10$5z89fGpZ6YU/s4YqNASqae5/VjT5hgwHHPOhk6mrpXnd3a7aoO7u6', 'eDsu5g4UArNRgSkeaHEQbxTWKnkfBOZTeRitfgG9EolpHdn4b4KlJkrIR9KR', '2018-03-04 15:34:28', '2018-03-04 15:34:28'),
(4, 'Sarmin', 'Sultana', 'sarminwd@gmail.com', 'user_default.png', '$2y$10$/9kVjmvWZ3NlCSeDFgtFXOVKgWEYcHFdMt6fP6eOIWpxQuYzhoulK', NULL, '2018-06-05 11:06:11', '2018-06-05 11:06:11'),
(5, 'Hasan', 'Rahman', 'hellomrhasan@gmail.com', 'user_default.png', '$2y$10$TSjxr09DtSapP9iTucLiHu.t6ZT2Qfj5h4utWweLbahQ3VnfrT4/u', NULL, '2019-02-20 19:20:12', '2019-02-20 19:20:12');

-- --------------------------------------------------------

--
-- Table structure for table `user_details`
--

CREATE TABLE `user_details` (
  `id` int(10) UNSIGNED NOT NULL,
  `user_id` int(11) NOT NULL,
  `s_name` varchar(191) COLLATE utf8mb4_unicode_ci DEFAULT NULL,
  `s_email` varchar(191) COLLATE utf8mb4_unicode_ci DEFAULT NULL,
  `s_number` varchar(191) COLLATE utf8mb4_unicode_ci DEFAULT NULL,
  `s_company` varchar(191) COLLATE utf8mb4_unicode_ci DEFAULT NULL,
  `s_country` varchar(191) COLLATE utf8mb4_unicode_ci DEFAULT NULL,
  `s_state` varchar(191) COLLATE utf8mb4_unicode_ci DEFAULT NULL,
  `s_city` varchar(191) COLLATE utf8mb4_unicode_ci DEFAULT NULL,
  `s_zip` varchar(191) COLLATE utf8mb4_unicode_ci DEFAULT NULL,
  `s_address` varchar(191) COLLATE utf8mb4_unicode_ci DEFAULT NULL,
  `s_landmark` varchar(191) COLLATE utf8mb4_unicode_ci DEFAULT NULL,
  `b_name` varchar(191) COLLATE utf8mb4_unicode_ci DEFAULT NULL,
  `b_email` varchar(191) COLLATE utf8mb4_unicode_ci DEFAULT NULL,
  `b_number` varchar(191) COLLATE utf8mb4_unicode_ci DEFAULT NULL,
  `b_company` varchar(191) COLLATE utf8mb4_unicode_ci DEFAULT NULL,
  `b_country` varchar(191) COLLATE utf8mb4_unicode_ci DEFAULT NULL,
  `b_state` varchar(191) COLLATE utf8mb4_unicode_ci DEFAULT NULL,
  `b_city` varchar(191) COLLATE utf8mb4_unicode_ci DEFAULT NULL,
  `b_zip` varchar(191) COLLATE utf8mb4_unicode_ci DEFAULT NULL,
  `created_at` timestamp NULL DEFAULT NULL,
  `updated_at` timestamp NULL DEFAULT NULL
) ENGINE=InnoDB DEFAULT CHARSET=utf8mb4 COLLATE=utf8mb4_unicode_ci;

--
-- Dumping data for table `user_details`
--

INSERT INTO `user_details` (`id`, `user_id`, `s_name`, `s_email`, `s_number`, `s_company`, `s_country`, `s_state`, `s_city`, `s_zip`, `s_address`, `s_landmark`, `b_name`, `b_email`, `b_number`, `b_company`, `b_country`, `b_state`, `b_city`, `b_zip`, `created_at`, `updated_at`) VALUES
(1, 2, 'User Jone', 'user@gmail.com', '01716199668', 'Student', 'Bangladesh', 'Dhaka', 'Mirpur', '1216', 'Rode no #7, house No #194', 'Durari Para', 'User Jone', 'user@gmail.com', '01716199668', 'Student', 'Bangladesh', 'Dhaka', 'Mirpur', '1216', '2017-11-19 20:28:10', '2018-02-20 19:05:02'),
(2, 4, 'Sarmin Sultana', 'sarminwd@gmail.com', '123456789', 'Test', 'Bangladesh', 'DHA', 'Dhaka', '1203', 'Test', 'Landmark', 'Sarmin Sultana', 'sarminwd@gmail.com', '123456789', 'Test', 'Bangladesh', 'DHA', 'Dhaka', '1203', '2018-06-05 11:07:54', '2018-06-05 11:07:54'),
(3, 5, 'Hasan Rahman', 'hellomrhasan@gmail.com', '015233221', 'Student', 'Bangladesh', 'Dahka', 'Mirpur', '1216', 'Mirpur2', 'Mirpur 2', 'Hasan Rahman', 'hellomrhasan@gmail.com', '1541121', 'Student', 'Bangladesh', 'Dahak', 'mirpur', '1216', '2019-02-20 19:21:44', '2019-02-20 19:21:44');

-- --------------------------------------------------------

--
-- Table structure for table `wishlists`
--

CREATE TABLE `wishlists` (
  `id` int(10) UNSIGNED NOT NULL,
  `user_id` int(11) NOT NULL,
  `product_id` int(11) NOT NULL,
  `created_at` timestamp NULL DEFAULT NULL,
  `updated_at` timestamp NULL DEFAULT NULL
) ENGINE=InnoDB DEFAULT CHARSET=utf8mb4 COLLATE=utf8mb4_unicode_ci;

--
-- Dumping data for table `wishlists`
--

INSERT INTO `wishlists` (`id`, `user_id`, `product_id`, `created_at`, `updated_at`) VALUES
(3, 2, 13, '2018-03-04 20:53:12', '2018-03-04 20:53:12');

--
-- Indexes for dumped tables
--

--
-- Indexes for table `admins`
--
ALTER TABLE `admins`
  ADD PRIMARY KEY (`id`),
  ADD UNIQUE KEY `admins_email_unique` (`email`);

--
-- Indexes for table `advertisements`
--
ALTER TABLE `advertisements`
  ADD PRIMARY KEY (`id`);

--
-- Indexes for table `basic_settings`
--
ALTER TABLE `basic_settings`
  ADD PRIMARY KEY (`id`);

--
-- Indexes for table `categories`
--
ALTER TABLE `categories`
  ADD PRIMARY KEY (`id`);

--
-- Indexes for table `child_categories`
--
ALTER TABLE `child_categories`
  ADD PRIMARY KEY (`id`);

--
-- Indexes for table `colors`
--
ALTER TABLE `colors`
  ADD PRIMARY KEY (`id`);

--
-- Indexes for table `color_product`
--
ALTER TABLE `color_product`
  ADD PRIMARY KEY (`id`),
  ADD KEY `color_product_product_id_foreign` (`product_id`),
  ADD KEY `color_product_color_id_foreign` (`color_id`);

--
-- Indexes for table `comments`
--
ALTER TABLE `comments`
  ADD PRIMARY KEY (`id`);

--
-- Indexes for table `menus`
--
ALTER TABLE `menus`
  ADD PRIMARY KEY (`id`);

--
-- Indexes for table `migrations`
--
ALTER TABLE `migrations`
  ADD PRIMARY KEY (`id`);

--
-- Indexes for table `orders`
--
ALTER TABLE `orders`
  ADD PRIMARY KEY (`id`);

--
-- Indexes for table `order_items`
--
ALTER TABLE `order_items`
  ADD PRIMARY KEY (`id`);

--
-- Indexes for table `partners`
--
ALTER TABLE `partners`
  ADD PRIMARY KEY (`id`);

--
-- Indexes for table `password_resets`
--
ALTER TABLE `password_resets`
  ADD KEY `password_resets_email_index` (`email`);

--
-- Indexes for table `payment_logs`
--
ALTER TABLE `payment_logs`
  ADD PRIMARY KEY (`id`);

--
-- Indexes for table `payment_log_images`
--
ALTER TABLE `payment_log_images`
  ADD PRIMARY KEY (`id`);

--
-- Indexes for table `payment_methods`
--
ALTER TABLE `payment_methods`
  ADD PRIMARY KEY (`id`);

--
-- Indexes for table `products`
--
ALTER TABLE `products`
  ADD PRIMARY KEY (`id`);

--
-- Indexes for table `product_images`
--
ALTER TABLE `product_images`
  ADD PRIMARY KEY (`id`);

--
-- Indexes for table `product_size`
--
ALTER TABLE `product_size`
  ADD PRIMARY KEY (`id`),
  ADD KEY `product_size_product_id_foreign` (`product_id`),
  ADD KEY `product_size_size_id_foreign` (`size_id`);

--
-- Indexes for table `product_specifications`
--
ALTER TABLE `product_specifications`
  ADD PRIMARY KEY (`id`);

--
-- Indexes for table `product_tag`
--
ALTER TABLE `product_tag`
  ADD PRIMARY KEY (`id`),
  ADD KEY `product_tag_product_id_foreign` (`product_id`),
  ADD KEY `product_tag_tag_id_foreign` (`tag_id`);

--
-- Indexes for table `reviews`
--
ALTER TABLE `reviews`
  ADD PRIMARY KEY (`id`);

--
-- Indexes for table `sizes`
--
ALTER TABLE `sizes`
  ADD PRIMARY KEY (`id`);

--
-- Indexes for table `sliders`
--
ALTER TABLE `sliders`
  ADD PRIMARY KEY (`id`);

--
-- Indexes for table `socials`
--
ALTER TABLE `socials`
  ADD PRIMARY KEY (`id`);

--
-- Indexes for table `specialities`
--
ALTER TABLE `specialities`
  ADD PRIMARY KEY (`id`);

--
-- Indexes for table `staff`
--
ALTER TABLE `staff`
  ADD PRIMARY KEY (`id`),
  ADD UNIQUE KEY `staff_email_unique` (`email`);

--
-- Indexes for table `subcategories`
--
ALTER TABLE `subcategories`
  ADD PRIMARY KEY (`id`);

--
-- Indexes for table `subscribes`
--
ALTER TABLE `subscribes`
  ADD PRIMARY KEY (`id`);

--
-- Indexes for table `tags`
--
ALTER TABLE `tags`
  ADD PRIMARY KEY (`id`);

--
-- Indexes for table `testimonials`
--
ALTER TABLE `testimonials`
  ADD PRIMARY KEY (`id`);

--
-- Indexes for table `transaction_logs`
--
ALTER TABLE `transaction_logs`
  ADD PRIMARY KEY (`id`);

--
-- Indexes for table `users`
--
ALTER TABLE `users`
  ADD PRIMARY KEY (`id`),
  ADD UNIQUE KEY `users_email_unique` (`email`);

--
-- Indexes for table `user_details`
--
ALTER TABLE `user_details`
  ADD PRIMARY KEY (`id`);

--
-- Indexes for table `wishlists`
--
ALTER TABLE `wishlists`
  ADD PRIMARY KEY (`id`);

--
-- AUTO_INCREMENT for dumped tables
--

--
-- AUTO_INCREMENT for table `admins`
--
ALTER TABLE `admins`
  MODIFY `id` int(10) UNSIGNED NOT NULL AUTO_INCREMENT, AUTO_INCREMENT=3;
--
-- AUTO_INCREMENT for table `advertisements`
--
ALTER TABLE `advertisements`
  MODIFY `id` int(10) UNSIGNED NOT NULL AUTO_INCREMENT, AUTO_INCREMENT=13;
--
-- AUTO_INCREMENT for table `basic_settings`
--
ALTER TABLE `basic_settings`
  MODIFY `id` int(10) UNSIGNED NOT NULL AUTO_INCREMENT, AUTO_INCREMENT=2;
--
-- AUTO_INCREMENT for table `categories`
--
ALTER TABLE `categories`
  MODIFY `id` int(10) UNSIGNED NOT NULL AUTO_INCREMENT, AUTO_INCREMENT=10;
--
-- AUTO_INCREMENT for table `child_categories`
--
ALTER TABLE `child_categories`
  MODIFY `id` int(10) UNSIGNED NOT NULL AUTO_INCREMENT, AUTO_INCREMENT=10;
--
-- AUTO_INCREMENT for table `colors`
--
ALTER TABLE `colors`
  MODIFY `id` int(10) UNSIGNED NOT NULL AUTO_INCREMENT, AUTO_INCREMENT=7;
--
-- AUTO_INCREMENT for table `color_product`
--
ALTER TABLE `color_product`
  MODIFY `id` int(10) UNSIGNED NOT NULL AUTO_INCREMENT, AUTO_INCREMENT=21;
--
-- AUTO_INCREMENT for table `comments`
--
ALTER TABLE `comments`
  MODIFY `id` int(10) UNSIGNED NOT NULL AUTO_INCREMENT, AUTO_INCREMENT=3;
--
-- AUTO_INCREMENT for table `menus`
--
ALTER TABLE `menus`
  MODIFY `id` int(10) UNSIGNED NOT NULL AUTO_INCREMENT, AUTO_INCREMENT=4;
--
-- AUTO_INCREMENT for table `migrations`
--
ALTER TABLE `migrations`
  MODIFY `id` int(10) UNSIGNED NOT NULL AUTO_INCREMENT, AUTO_INCREMENT=30;
--
-- AUTO_INCREMENT for table `orders`
--
ALTER TABLE `orders`
  MODIFY `id` int(10) UNSIGNED NOT NULL AUTO_INCREMENT, AUTO_INCREMENT=30;
--
-- AUTO_INCREMENT for table `order_items`
--
ALTER TABLE `order_items`
  MODIFY `id` int(10) UNSIGNED NOT NULL AUTO_INCREMENT, AUTO_INCREMENT=67;
--
-- AUTO_INCREMENT for table `partners`
--
ALTER TABLE `partners`
  MODIFY `id` int(10) UNSIGNED NOT NULL AUTO_INCREMENT, AUTO_INCREMENT=17;
--
-- AUTO_INCREMENT for table `payment_logs`
--
ALTER TABLE `payment_logs`
  MODIFY `id` int(10) UNSIGNED NOT NULL AUTO_INCREMENT, AUTO_INCREMENT=26;
--
-- AUTO_INCREMENT for table `payment_log_images`
--
ALTER TABLE `payment_log_images`
  MODIFY `id` int(10) UNSIGNED NOT NULL AUTO_INCREMENT, AUTO_INCREMENT=35;
--
-- AUTO_INCREMENT for table `payment_methods`
--
ALTER TABLE `payment_methods`
  MODIFY `id` int(10) UNSIGNED NOT NULL AUTO_INCREMENT, AUTO_INCREMENT=13;
--
-- AUTO_INCREMENT for table `products`
--
ALTER TABLE `products`
  MODIFY `id` int(10) UNSIGNED NOT NULL AUTO_INCREMENT, AUTO_INCREMENT=23;
--
-- AUTO_INCREMENT for table `product_images`
--
ALTER TABLE `product_images`
  MODIFY `id` int(10) UNSIGNED NOT NULL AUTO_INCREMENT, AUTO_INCREMENT=96;
--
-- AUTO_INCREMENT for table `product_size`
--
ALTER TABLE `product_size`
  MODIFY `id` int(10) UNSIGNED NOT NULL AUTO_INCREMENT, AUTO_INCREMENT=19;
--
-- AUTO_INCREMENT for table `product_specifications`
--
ALTER TABLE `product_specifications`
  MODIFY `id` int(10) UNSIGNED NOT NULL AUTO_INCREMENT, AUTO_INCREMENT=325;
--
-- AUTO_INCREMENT for table `product_tag`
--
ALTER TABLE `product_tag`
  MODIFY `id` int(10) UNSIGNED NOT NULL AUTO_INCREMENT, AUTO_INCREMENT=17;
--
-- AUTO_INCREMENT for table `reviews`
--
ALTER TABLE `reviews`
  MODIFY `id` int(10) UNSIGNED NOT NULL AUTO_INCREMENT, AUTO_INCREMENT=3;
--
-- AUTO_INCREMENT for table `sizes`
--
ALTER TABLE `sizes`
  MODIFY `id` int(10) UNSIGNED NOT NULL AUTO_INCREMENT, AUTO_INCREMENT=8;
--
-- AUTO_INCREMENT for table `sliders`
--
ALTER TABLE `sliders`
  MODIFY `id` int(10) UNSIGNED NOT NULL AUTO_INCREMENT, AUTO_INCREMENT=18;
--
-- AUTO_INCREMENT for table `socials`
--
ALTER TABLE `socials`
  MODIFY `id` int(10) UNSIGNED NOT NULL AUTO_INCREMENT, AUTO_INCREMENT=9;
--
-- AUTO_INCREMENT for table `specialities`
--
ALTER TABLE `specialities`
  MODIFY `id` int(10) UNSIGNED NOT NULL AUTO_INCREMENT, AUTO_INCREMENT=5;
--
-- AUTO_INCREMENT for table `staff`
--
ALTER TABLE `staff`
  MODIFY `id` int(10) UNSIGNED NOT NULL AUTO_INCREMENT, AUTO_INCREMENT=2;
--
-- AUTO_INCREMENT for table `subcategories`
--
ALTER TABLE `subcategories`
  MODIFY `id` int(10) UNSIGNED NOT NULL AUTO_INCREMENT, AUTO_INCREMENT=9;
--
-- AUTO_INCREMENT for table `subscribes`
--
ALTER TABLE `subscribes`
  MODIFY `id` int(10) UNSIGNED NOT NULL AUTO_INCREMENT, AUTO_INCREMENT=5;
--
-- AUTO_INCREMENT for table `tags`
--
ALTER TABLE `tags`
  MODIFY `id` int(10) UNSIGNED NOT NULL AUTO_INCREMENT, AUTO_INCREMENT=20;
--
-- AUTO_INCREMENT for table `testimonials`
--
ALTER TABLE `testimonials`
  MODIFY `id` int(10) UNSIGNED NOT NULL AUTO_INCREMENT, AUTO_INCREMENT=6;
--
-- AUTO_INCREMENT for table `transaction_logs`
--
ALTER TABLE `transaction_logs`
  MODIFY `id` int(10) UNSIGNED NOT NULL AUTO_INCREMENT, AUTO_INCREMENT=39;
--
-- AUTO_INCREMENT for table `users`
--
ALTER TABLE `users`
  MODIFY `id` int(10) UNSIGNED NOT NULL AUTO_INCREMENT, AUTO_INCREMENT=6;
--
-- AUTO_INCREMENT for table `user_details`
--
ALTER TABLE `user_details`
  MODIFY `id` int(10) UNSIGNED NOT NULL AUTO_INCREMENT, AUTO_INCREMENT=4;
--
-- AUTO_INCREMENT for table `wishlists`
--
ALTER TABLE `wishlists`
  MODIFY `id` int(10) UNSIGNED NOT NULL AUTO_INCREMENT, AUTO_INCREMENT=4;
--
-- Constraints for dumped tables
--

--
-- Constraints for table `color_product`
--
ALTER TABLE `color_product`
  ADD CONSTRAINT `color_product_color_id_foreign` FOREIGN KEY (`color_id`) REFERENCES `colors` (`id`),
  ADD CONSTRAINT `color_product_product_id_foreign` FOREIGN KEY (`product_id`) REFERENCES `products` (`id`);

--
-- Constraints for table `product_size`
--
ALTER TABLE `product_size`
  ADD CONSTRAINT `product_size_product_id_foreign` FOREIGN KEY (`product_id`) REFERENCES `products` (`id`),
  ADD CONSTRAINT `product_size_size_id_foreign` FOREIGN KEY (`size_id`) REFERENCES `sizes` (`id`);

--
-- Constraints for table `product_tag`
--
ALTER TABLE `product_tag`
  ADD CONSTRAINT `product_tag_product_id_foreign` FOREIGN KEY (`product_id`) REFERENCES `products` (`id`),
  ADD CONSTRAINT `product_tag_tag_id_foreign` FOREIGN KEY (`tag_id`) REFERENCES `tags` (`id`);
COMMIT;

/*!40101 SET CHARACTER_SET_CLIENT=@OLD_CHARACTER_SET_CLIENT */;
/*!40101 SET CHARACTER_SET_RESULTS=@OLD_CHARACTER_SET_RESULTS */;
/*!40101 SET COLLATION_CONNECTION=@OLD_COLLATION_CONNECTION */;
